model_id,model,gpu_id,gpu,quant,context_tokens,need_gb,verdict,max_context_tokens,tokens_per_second_ceiling
llama-3.2-3b,Llama 3.2 3B,rtx-3060-12,RTX 3060 12 GB,FP16,8192,8.1,fits,36864,39
llama-3.2-3b,Llama 3.2 3B,rtx-3060-12,RTX 3060 12 GB,Q8_0,8192,4.97,fits,63488,74
llama-3.2-3b,Llama 3.2 3B,rtx-3060-12,RTX 3060 12 GB,Q6_K,8192,4.17,fits,70656,96
llama-3.2-3b,Llama 3.2 3B,rtx-3060-12,RTX 3060 12 GB,Q5_K_M,8192,3.8,fits,73728,111
llama-3.2-3b,Llama 3.2 3B,rtx-3060-12,RTX 3060 12 GB,Q4_K_M,8192,3.37,fits,77824,136
llama-3.2-3b,Llama 3.2 3B,rtx-3060-12,RTX 3060 12 GB,Q3_K_M,8192,3,fits,80896,168
llama-3.2-3b,Llama 3.2 3B,rtx-4060-ti-16,RTX 4060 Ti 16 GB,FP16,8192,8.1,fits,69632,31
llama-3.2-3b,Llama 3.2 3B,rtx-4060-ti-16,RTX 4060 Ti 16 GB,Q8_0,8192,4.97,fits,97280,59
llama-3.2-3b,Llama 3.2 3B,rtx-4060-ti-16,RTX 4060 Ti 16 GB,Q6_K,8192,4.17,fits,103424,77
llama-3.2-3b,Llama 3.2 3B,rtx-4060-ti-16,RTX 4060 Ti 16 GB,Q5_K_M,8192,3.8,fits,107520,89
llama-3.2-3b,Llama 3.2 3B,rtx-4060-ti-16,RTX 4060 Ti 16 GB,Q4_K_M,8192,3.37,fits,110592,109
llama-3.2-3b,Llama 3.2 3B,rtx-4060-ti-16,RTX 4060 Ti 16 GB,Q3_K_M,8192,3,fits,113664,134
llama-3.2-3b,Llama 3.2 3B,rtx-4070,RTX 4070 12 GB,FP16,8192,8.1,fits,36864,55
llama-3.2-3b,Llama 3.2 3B,rtx-4070,RTX 4070 12 GB,Q8_0,8192,4.97,fits,63488,104
llama-3.2-3b,Llama 3.2 3B,rtx-4070,RTX 4070 12 GB,Q6_K,8192,4.17,fits,70656,134
llama-3.2-3b,Llama 3.2 3B,rtx-4070,RTX 4070 12 GB,Q5_K_M,8192,3.8,fits,73728,155
llama-3.2-3b,Llama 3.2 3B,rtx-4070,RTX 4070 12 GB,Q4_K_M,8192,3.37,fits,77824,190
llama-3.2-3b,Llama 3.2 3B,rtx-4070,RTX 4070 12 GB,Q3_K_M,8192,3,fits,80896,235
llama-3.2-3b,Llama 3.2 3B,rtx-3090,RTX 3090 24 GB,FP16,8192,8.1,fits,131072,102
llama-3.2-3b,Llama 3.2 3B,rtx-3090,RTX 3090 24 GB,Q8_0,8192,4.97,fits,131072,193
llama-3.2-3b,Llama 3.2 3B,rtx-3090,RTX 3090 24 GB,Q6_K,8192,4.17,fits,131072,250
llama-3.2-3b,Llama 3.2 3B,rtx-3090,RTX 3090 24 GB,Q5_K_M,8192,3.8,fits,131072,288
llama-3.2-3b,Llama 3.2 3B,rtx-3090,RTX 3090 24 GB,Q4_K_M,8192,3.37,fits,131072,353
llama-3.2-3b,Llama 3.2 3B,rtx-3090,RTX 3090 24 GB,Q3_K_M,8192,3,fits,131072,436
llama-3.2-3b,Llama 3.2 3B,rtx-4090,RTX 4090 24 GB,FP16,8192,8.1,fits,131072,110
llama-3.2-3b,Llama 3.2 3B,rtx-4090,RTX 4090 24 GB,Q8_0,8192,4.97,fits,131072,208
llama-3.2-3b,Llama 3.2 3B,rtx-4090,RTX 4090 24 GB,Q6_K,8192,4.17,fits,131072,269
llama-3.2-3b,Llama 3.2 3B,rtx-4090,RTX 4090 24 GB,Q5_K_M,8192,3.8,fits,131072,311
llama-3.2-3b,Llama 3.2 3B,rtx-4090,RTX 4090 24 GB,Q4_K_M,8192,3.37,fits,131072,380
llama-3.2-3b,Llama 3.2 3B,rtx-4090,RTX 4090 24 GB,Q3_K_M,8192,3,fits,131072,469
llama-3.2-3b,Llama 3.2 3B,rtx-5090,RTX 5090 32 GB,FP16,8192,8.1,fits,131072,196
llama-3.2-3b,Llama 3.2 3B,rtx-5090,RTX 5090 32 GB,Q8_0,8192,4.97,fits,131072,370
llama-3.2-3b,Llama 3.2 3B,rtx-5090,RTX 5090 32 GB,Q6_K,8192,4.17,fits,131072,478
llama-3.2-3b,Llama 3.2 3B,rtx-5090,RTX 5090 32 GB,Q5_K_M,8192,3.8,fits,131072,552
llama-3.2-3b,Llama 3.2 3B,rtx-5090,RTX 5090 32 GB,Q4_K_M,8192,3.37,fits,131072,676
llama-3.2-3b,Llama 3.2 3B,rtx-5090,RTX 5090 32 GB,Q3_K_M,8192,3,fits,131072,834
llama-3.2-3b,Llama 3.2 3B,rtx-6000-ada,RTX 6000 Ada 48 GB,FP16,8192,8.1,fits,131072,105
llama-3.2-3b,Llama 3.2 3B,rtx-6000-ada,RTX 6000 Ada 48 GB,Q8_0,8192,4.97,fits,131072,198
llama-3.2-3b,Llama 3.2 3B,rtx-6000-ada,RTX 6000 Ada 48 GB,Q6_K,8192,4.17,fits,131072,256
llama-3.2-3b,Llama 3.2 3B,rtx-6000-ada,RTX 6000 Ada 48 GB,Q5_K_M,8192,3.8,fits,131072,296
llama-3.2-3b,Llama 3.2 3B,rtx-6000-ada,RTX 6000 Ada 48 GB,Q4_K_M,8192,3.37,fits,131072,362
llama-3.2-3b,Llama 3.2 3B,rtx-6000-ada,RTX 6000 Ada 48 GB,Q3_K_M,8192,3,fits,131072,447
llama-3.2-3b,Llama 3.2 3B,l40s,L40S 48 GB,FP16,8192,8.1,fits,131072,94
llama-3.2-3b,Llama 3.2 3B,l40s,L40S 48 GB,Q8_0,8192,4.97,fits,131072,178
llama-3.2-3b,Llama 3.2 3B,l40s,L40S 48 GB,Q6_K,8192,4.17,fits,131072,230
llama-3.2-3b,Llama 3.2 3B,l40s,L40S 48 GB,Q5_K_M,8192,3.8,fits,131072,266
llama-3.2-3b,Llama 3.2 3B,l40s,L40S 48 GB,Q4_K_M,8192,3.37,fits,131072,326
llama-3.2-3b,Llama 3.2 3B,l40s,L40S 48 GB,Q3_K_M,8192,3,fits,131072,402
llama-3.2-3b,Llama 3.2 3B,rtx-pro-6000,RTX PRO 6000 Blackwell 96 GB,FP16,8192,8.1,fits,131072,196
llama-3.2-3b,Llama 3.2 3B,rtx-pro-6000,RTX PRO 6000 Blackwell 96 GB,Q8_0,8192,4.97,fits,131072,370
llama-3.2-3b,Llama 3.2 3B,rtx-pro-6000,RTX PRO 6000 Blackwell 96 GB,Q6_K,8192,4.17,fits,131072,478
llama-3.2-3b,Llama 3.2 3B,rtx-pro-6000,RTX PRO 6000 Blackwell 96 GB,Q5_K_M,8192,3.8,fits,131072,552
llama-3.2-3b,Llama 3.2 3B,rtx-pro-6000,RTX PRO 6000 Blackwell 96 GB,Q4_K_M,8192,3.37,fits,131072,676
llama-3.2-3b,Llama 3.2 3B,rtx-pro-6000,RTX PRO 6000 Blackwell 96 GB,Q3_K_M,8192,3,fits,131072,834
llama-3.2-3b,Llama 3.2 3B,a100-80,A100 80 GB,FP16,8192,8.1,fits,131072,223
llama-3.2-3b,Llama 3.2 3B,a100-80,A100 80 GB,Q8_0,8192,4.97,fits,131072,421
llama-3.2-3b,Llama 3.2 3B,a100-80,A100 80 GB,Q6_K,8192,4.17,fits,131072,544
llama-3.2-3b,Llama 3.2 3B,a100-80,A100 80 GB,Q5_K_M,8192,3.8,fits,131072,628
llama-3.2-3b,Llama 3.2 3B,a100-80,A100 80 GB,Q4_K_M,8192,3.37,fits,131072,769
llama-3.2-3b,Llama 3.2 3B,a100-80,A100 80 GB,Q3_K_M,8192,3,fits,131072,949
llama-3.2-3b,Llama 3.2 3B,h100-sxm,H100 SXM 80 GB,FP16,8192,8.1,fits,131072,367
llama-3.2-3b,Llama 3.2 3B,h100-sxm,H100 SXM 80 GB,Q8_0,8192,4.97,fits,131072,692
llama-3.2-3b,Llama 3.2 3B,h100-sxm,H100 SXM 80 GB,Q6_K,8192,4.17,fits,131072,894
llama-3.2-3b,Llama 3.2 3B,h100-sxm,H100 SXM 80 GB,Q5_K_M,8192,3.8,fits,131072,1033
llama-3.2-3b,Llama 3.2 3B,h100-sxm,H100 SXM 80 GB,Q4_K_M,8192,3.37,fits,131072,1264
llama-3.2-3b,Llama 3.2 3B,h100-sxm,H100 SXM 80 GB,Q3_K_M,8192,3,fits,131072,1560
llama-3.2-3b,Llama 3.2 3B,m2-ultra,Mac Studio M2 Ultra (unified),FP16,8192,8.1,fits,131072,88
llama-3.2-3b,Llama 3.2 3B,m2-ultra,Mac Studio M2 Ultra (unified),Q8_0,8192,4.97,fits,131072,165
llama-3.2-3b,Llama 3.2 3B,m2-ultra,Mac Studio M2 Ultra (unified),Q6_K,8192,4.17,fits,131072,213
llama-3.2-3b,Llama 3.2 3B,m2-ultra,Mac Studio M2 Ultra (unified),Q5_K_M,8192,3.8,fits,131072,246
llama-3.2-3b,Llama 3.2 3B,m2-ultra,Mac Studio M2 Ultra (unified),Q4_K_M,8192,3.37,fits,131072,302
llama-3.2-3b,Llama 3.2 3B,m2-ultra,Mac Studio M2 Ultra (unified),Q3_K_M,8192,3,fits,131072,372
llama-3.2-3b,Llama 3.2 3B,m4-max,MacBook Pro M4 Max (unified),FP16,8192,8.1,fits,131072,60
llama-3.2-3b,Llama 3.2 3B,m4-max,MacBook Pro M4 Max (unified),Q8_0,8192,4.97,fits,131072,113
llama-3.2-3b,Llama 3.2 3B,m4-max,MacBook Pro M4 Max (unified),Q6_K,8192,4.17,fits,131072,146
llama-3.2-3b,Llama 3.2 3B,m4-max,MacBook Pro M4 Max (unified),Q5_K_M,8192,3.8,fits,131072,168
llama-3.2-3b,Llama 3.2 3B,m4-max,MacBook Pro M4 Max (unified),Q4_K_M,8192,3.37,fits,131072,206
llama-3.2-3b,Llama 3.2 3B,m4-max,MacBook Pro M4 Max (unified),Q3_K_M,8192,3,fits,131072,254
qwen3.5-4b,Qwen3.5 4B,rtx-3060-12,RTX 3060 12 GB,FP16,8192,10.59,tight,32768,27
qwen3.5-4b,Qwen3.5 4B,rtx-3060-12,RTX 3060 12 GB,Q8_0,8192,6,fits,131072,51
qwen3.5-4b,Qwen3.5 4B,rtx-3060-12,RTX 3060 12 GB,Q6_K,8192,4.83,fits,131072,65
qwen3.5-4b,Qwen3.5 4B,rtx-3060-12,RTX 3060 12 GB,Q5_K_M,8192,4.29,fits,131072,76
qwen3.5-4b,Qwen3.5 4B,rtx-3060-12,RTX 3060 12 GB,Q4_K_M,8192,3.65,fits,131072,92
qwen3.5-4b,Qwen3.5 4B,rtx-3060-12,RTX 3060 12 GB,Q3_K_M,8192,3.12,fits,131072,114
qwen3.5-4b,Qwen3.5 4B,rtx-4060-ti-16,RTX 4060 Ti 16 GB,FP16,8192,10.59,fits,131072,21
qwen3.5-4b,Qwen3.5 4B,rtx-4060-ti-16,RTX 4060 Ti 16 GB,Q8_0,8192,6,fits,131072,40
qwen3.5-4b,Qwen3.5 4B,rtx-4060-ti-16,RTX 4060 Ti 16 GB,Q6_K,8192,4.83,fits,131072,52
qwen3.5-4b,Qwen3.5 4B,rtx-4060-ti-16,RTX 4060 Ti 16 GB,Q5_K_M,8192,4.29,fits,131072,60
qwen3.5-4b,Qwen3.5 4B,rtx-4060-ti-16,RTX 4060 Ti 16 GB,Q4_K_M,8192,3.65,fits,131072,74
qwen3.5-4b,Qwen3.5 4B,rtx-4060-ti-16,RTX 4060 Ti 16 GB,Q3_K_M,8192,3.12,fits,131072,91
qwen3.5-4b,Qwen3.5 4B,rtx-4070,RTX 4070 12 GB,FP16,8192,10.59,tight,32768,38
qwen3.5-4b,Qwen3.5 4B,rtx-4070,RTX 4070 12 GB,Q8_0,8192,6,fits,131072,71
qwen3.5-4b,Qwen3.5 4B,rtx-4070,RTX 4070 12 GB,Q6_K,8192,4.83,fits,131072,92
qwen3.5-4b,Qwen3.5 4B,rtx-4070,RTX 4070 12 GB,Q5_K_M,8192,4.29,fits,131072,106
qwen3.5-4b,Qwen3.5 4B,rtx-4070,RTX 4070 12 GB,Q4_K_M,8192,3.65,fits,131072,129
qwen3.5-4b,Qwen3.5 4B,rtx-4070,RTX 4070 12 GB,Q3_K_M,8192,3.12,fits,131072,160
qwen3.5-4b,Qwen3.5 4B,rtx-3090,RTX 3090 24 GB,FP16,8192,10.59,fits,131072,70
qwen3.5-4b,Qwen3.5 4B,rtx-3090,RTX 3090 24 GB,Q8_0,8192,6,fits,131072,132
qwen3.5-4b,Qwen3.5 4B,rtx-3090,RTX 3090 24 GB,Q6_K,8192,4.83,fits,131072,170
qwen3.5-4b,Qwen3.5 4B,rtx-3090,RTX 3090 24 GB,Q5_K_M,8192,4.29,fits,131072,196
qwen3.5-4b,Qwen3.5 4B,rtx-3090,RTX 3090 24 GB,Q4_K_M,8192,3.65,fits,131072,240
qwen3.5-4b,Qwen3.5 4B,rtx-3090,RTX 3090 24 GB,Q3_K_M,8192,3.12,fits,131072,297
qwen3.5-4b,Qwen3.5 4B,rtx-4090,RTX 4090 24 GB,FP16,8192,10.59,fits,131072,75
qwen3.5-4b,Qwen3.5 4B,rtx-4090,RTX 4090 24 GB,Q8_0,8192,6,fits,131072,142
qwen3.5-4b,Qwen3.5 4B,rtx-4090,RTX 4090 24 GB,Q6_K,8192,4.83,fits,131072,183
qwen3.5-4b,Qwen3.5 4B,rtx-4090,RTX 4090 24 GB,Q5_K_M,8192,4.29,fits,131072,211
qwen3.5-4b,Qwen3.5 4B,rtx-4090,RTX 4090 24 GB,Q4_K_M,8192,3.65,fits,131072,259
qwen3.5-4b,Qwen3.5 4B,rtx-4090,RTX 4090 24 GB,Q3_K_M,8192,3.12,fits,131072,319
qwen3.5-4b,Qwen3.5 4B,rtx-5090,RTX 5090 32 GB,FP16,8192,10.59,fits,131072,133
qwen3.5-4b,Qwen3.5 4B,rtx-5090,RTX 5090 32 GB,Q8_0,8192,6,fits,131072,252
qwen3.5-4b,Qwen3.5 4B,rtx-5090,RTX 5090 32 GB,Q6_K,8192,4.83,fits,131072,325
qwen3.5-4b,Qwen3.5 4B,rtx-5090,RTX 5090 32 GB,Q5_K_M,8192,4.29,fits,131072,376
qwen3.5-4b,Qwen3.5 4B,rtx-5090,RTX 5090 32 GB,Q4_K_M,8192,3.65,fits,131072,460
qwen3.5-4b,Qwen3.5 4B,rtx-5090,RTX 5090 32 GB,Q3_K_M,8192,3.12,fits,131072,568
qwen3.5-4b,Qwen3.5 4B,rtx-6000-ada,RTX 6000 Ada 48 GB,FP16,8192,10.59,fits,131072,71
qwen3.5-4b,Qwen3.5 4B,rtx-6000-ada,RTX 6000 Ada 48 GB,Q8_0,8192,6,fits,131072,135
qwen3.5-4b,Qwen3.5 4B,rtx-6000-ada,RTX 6000 Ada 48 GB,Q6_K,8192,4.83,fits,131072,174
qwen3.5-4b,Qwen3.5 4B,rtx-6000-ada,RTX 6000 Ada 48 GB,Q5_K_M,8192,4.29,fits,131072,201
qwen3.5-4b,Qwen3.5 4B,rtx-6000-ada,RTX 6000 Ada 48 GB,Q4_K_M,8192,3.65,fits,131072,247
qwen3.5-4b,Qwen3.5 4B,rtx-6000-ada,RTX 6000 Ada 48 GB,Q3_K_M,8192,3.12,fits,131072,304
qwen3.5-4b,Qwen3.5 4B,l40s,L40S 48 GB,FP16,8192,10.59,fits,131072,64
qwen3.5-4b,Qwen3.5 4B,l40s,L40S 48 GB,Q8_0,8192,6,fits,131072,121
qwen3.5-4b,Qwen3.5 4B,l40s,L40S 48 GB,Q6_K,8192,4.83,fits,131072,157
qwen3.5-4b,Qwen3.5 4B,l40s,L40S 48 GB,Q5_K_M,8192,4.29,fits,131072,181
qwen3.5-4b,Qwen3.5 4B,l40s,L40S 48 GB,Q4_K_M,8192,3.65,fits,131072,222
qwen3.5-4b,Qwen3.5 4B,l40s,L40S 48 GB,Q3_K_M,8192,3.12,fits,131072,274
qwen3.5-4b,Qwen3.5 4B,rtx-pro-6000,RTX PRO 6000 Blackwell 96 GB,FP16,8192,10.59,fits,131072,133
qwen3.5-4b,Qwen3.5 4B,rtx-pro-6000,RTX PRO 6000 Blackwell 96 GB,Q8_0,8192,6,fits,131072,252
qwen3.5-4b,Qwen3.5 4B,rtx-pro-6000,RTX PRO 6000 Blackwell 96 GB,Q6_K,8192,4.83,fits,131072,325
qwen3.5-4b,Qwen3.5 4B,rtx-pro-6000,RTX PRO 6000 Blackwell 96 GB,Q5_K_M,8192,4.29,fits,131072,376
qwen3.5-4b,Qwen3.5 4B,rtx-pro-6000,RTX PRO 6000 Blackwell 96 GB,Q4_K_M,8192,3.65,fits,131072,460
qwen3.5-4b,Qwen3.5 4B,rtx-pro-6000,RTX PRO 6000 Blackwell 96 GB,Q3_K_M,8192,3.12,fits,131072,568
qwen3.5-4b,Qwen3.5 4B,a100-80,A100 80 GB,FP16,8192,10.59,fits,131072,152
qwen3.5-4b,Qwen3.5 4B,a100-80,A100 80 GB,Q8_0,8192,6,fits,131072,286
qwen3.5-4b,Qwen3.5 4B,a100-80,A100 80 GB,Q6_K,8192,4.83,fits,131072,370
qwen3.5-4b,Qwen3.5 4B,a100-80,A100 80 GB,Q5_K_M,8192,4.29,fits,131072,428
qwen3.5-4b,Qwen3.5 4B,a100-80,A100 80 GB,Q4_K_M,8192,3.65,fits,131072,524
qwen3.5-4b,Qwen3.5 4B,a100-80,A100 80 GB,Q3_K_M,8192,3.12,fits,131072,646
qwen3.5-4b,Qwen3.5 4B,h100-sxm,H100 SXM 80 GB,FP16,8192,10.59,fits,131072,250
qwen3.5-4b,Qwen3.5 4B,h100-sxm,H100 SXM 80 GB,Q8_0,8192,6,fits,131072,471
qwen3.5-4b,Qwen3.5 4B,h100-sxm,H100 SXM 80 GB,Q6_K,8192,4.83,fits,131072,609
qwen3.5-4b,Qwen3.5 4B,h100-sxm,H100 SXM 80 GB,Q5_K_M,8192,4.29,fits,131072,703
qwen3.5-4b,Qwen3.5 4B,h100-sxm,H100 SXM 80 GB,Q4_K_M,8192,3.65,fits,131072,861
qwen3.5-4b,Qwen3.5 4B,h100-sxm,H100 SXM 80 GB,Q3_K_M,8192,3.12,fits,131072,1062
qwen3.5-4b,Qwen3.5 4B,m2-ultra,Mac Studio M2 Ultra (unified),FP16,8192,10.59,fits,131072,60
qwen3.5-4b,Qwen3.5 4B,m2-ultra,Mac Studio M2 Ultra (unified),Q8_0,8192,6,fits,131072,112
qwen3.5-4b,Qwen3.5 4B,m2-ultra,Mac Studio M2 Ultra (unified),Q6_K,8192,4.83,fits,131072,145
qwen3.5-4b,Qwen3.5 4B,m2-ultra,Mac Studio M2 Ultra (unified),Q5_K_M,8192,4.29,fits,131072,168
qwen3.5-4b,Qwen3.5 4B,m2-ultra,Mac Studio M2 Ultra (unified),Q4_K_M,8192,3.65,fits,131072,205
qwen3.5-4b,Qwen3.5 4B,m2-ultra,Mac Studio M2 Ultra (unified),Q3_K_M,8192,3.12,fits,131072,254
qwen3.5-4b,Qwen3.5 4B,m4-max,MacBook Pro M4 Max (unified),FP16,8192,10.59,fits,131072,41
qwen3.5-4b,Qwen3.5 4B,m4-max,MacBook Pro M4 Max (unified),Q8_0,8192,6,fits,131072,77
qwen3.5-4b,Qwen3.5 4B,m4-max,MacBook Pro M4 Max (unified),Q6_K,8192,4.83,fits,131072,99
qwen3.5-4b,Qwen3.5 4B,m4-max,MacBook Pro M4 Max (unified),Q5_K_M,8192,4.29,fits,131072,115
qwen3.5-4b,Qwen3.5 4B,m4-max,MacBook Pro M4 Max (unified),Q4_K_M,8192,3.65,fits,131072,140
qwen3.5-4b,Qwen3.5 4B,m4-max,MacBook Pro M4 Max (unified),Q3_K_M,8192,3.12,fits,131072,173
llama-3.1-8b,Llama 3.1 8B,rtx-3060-12,RTX 3060 12 GB,FP16,8192,18.21,no,0,
llama-3.1-8b,Llama 3.1 8B,rtx-3060-12,RTX 3060 12 GB,Q8_0,8192,10.39,tight,15360,30
llama-3.1-8b,Llama 3.1 8B,rtx-3060-12,RTX 3060 12 GB,Q6_K,8192,8.4,fits,30720,38
llama-3.1-8b,Llama 3.1 8B,rtx-3060-12,RTX 3060 12 GB,Q5_K_M,8192,7.48,fits,37888,44
llama-3.1-8b,Llama 3.1 8B,rtx-3060-12,RTX 3060 12 GB,Q4_K_M,8192,6.4,fits,46080,54
llama-3.1-8b,Llama 3.1 8B,rtx-3060-12,RTX 3060 12 GB,Q3_K_M,8192,5.48,fits,53248,67
llama-3.1-8b,Llama 3.1 8B,rtx-4060-ti-16,RTX 4060 Ti 16 GB,FP16,8192,18.21,no,0,
llama-3.1-8b,Llama 3.1 8B,rtx-4060-ti-16,RTX 4060 Ti 16 GB,Q8_0,8192,10.39,fits,44032,24
llama-3.1-8b,Llama 3.1 8B,rtx-4060-ti-16,RTX 4060 Ti 16 GB,Q6_K,8192,8.4,fits,59392,31
llama-3.1-8b,Llama 3.1 8B,rtx-4060-ti-16,RTX 4060 Ti 16 GB,Q5_K_M,8192,7.48,fits,66560,35
llama-3.1-8b,Llama 3.1 8B,rtx-4060-ti-16,RTX 4060 Ti 16 GB,Q4_K_M,8192,6.4,fits,74752,43
llama-3.1-8b,Llama 3.1 8B,rtx-4060-ti-16,RTX 4060 Ti 16 GB,Q3_K_M,8192,5.48,fits,81920,54
llama-3.1-8b,Llama 3.1 8B,rtx-4070,RTX 4070 12 GB,FP16,8192,18.21,no,0,
llama-3.1-8b,Llama 3.1 8B,rtx-4070,RTX 4070 12 GB,Q8_0,8192,10.39,tight,15360,42
llama-3.1-8b,Llama 3.1 8B,rtx-4070,RTX 4070 12 GB,Q6_K,8192,8.4,fits,30720,54
llama-3.1-8b,Llama 3.1 8B,rtx-4070,RTX 4070 12 GB,Q5_K_M,8192,7.48,fits,37888,62
llama-3.1-8b,Llama 3.1 8B,rtx-4070,RTX 4070 12 GB,Q4_K_M,8192,6.4,fits,46080,76
llama-3.1-8b,Llama 3.1 8B,rtx-4070,RTX 4070 12 GB,Q3_K_M,8192,5.48,fits,53248,94
llama-3.1-8b,Llama 3.1 8B,rtx-3090,RTX 3090 24 GB,FP16,8192,18.21,fits,43008,41
llama-3.1-8b,Llama 3.1 8B,rtx-3090,RTX 3090 24 GB,Q8_0,8192,10.39,fits,102400,77
llama-3.1-8b,Llama 3.1 8B,rtx-3090,RTX 3090 24 GB,Q6_K,8192,8.4,fits,117760,100
llama-3.1-8b,Llama 3.1 8B,rtx-3090,RTX 3090 24 GB,Q5_K_M,8192,7.48,fits,124928,115
llama-3.1-8b,Llama 3.1 8B,rtx-3090,RTX 3090 24 GB,Q4_K_M,8192,6.4,fits,131072,141
llama-3.1-8b,Llama 3.1 8B,rtx-3090,RTX 3090 24 GB,Q3_K_M,8192,5.48,fits,131072,174
llama-3.1-8b,Llama 3.1 8B,rtx-4090,RTX 4090 24 GB,FP16,8192,18.21,fits,43008,44
llama-3.1-8b,Llama 3.1 8B,rtx-4090,RTX 4090 24 GB,Q8_0,8192,10.39,fits,102400,83
llama-3.1-8b,Llama 3.1 8B,rtx-4090,RTX 4090 24 GB,Q6_K,8192,8.4,fits,117760,108
llama-3.1-8b,Llama 3.1 8B,rtx-4090,RTX 4090 24 GB,Q5_K_M,8192,7.48,fits,124928,124
llama-3.1-8b,Llama 3.1 8B,rtx-4090,RTX 4090 24 GB,Q4_K_M,8192,6.4,fits,131072,152
llama-3.1-8b,Llama 3.1 8B,rtx-4090,RTX 4090 24 GB,Q3_K_M,8192,5.48,fits,131072,188
llama-3.1-8b,Llama 3.1 8B,rtx-5090,RTX 5090 32 GB,FP16,8192,18.21,fits,100352,78
llama-3.1-8b,Llama 3.1 8B,rtx-5090,RTX 5090 32 GB,Q8_0,8192,10.39,fits,131072,148
llama-3.1-8b,Llama 3.1 8B,rtx-5090,RTX 5090 32 GB,Q6_K,8192,8.4,fits,131072,191
llama-3.1-8b,Llama 3.1 8B,rtx-5090,RTX 5090 32 GB,Q5_K_M,8192,7.48,fits,131072,221
llama-3.1-8b,Llama 3.1 8B,rtx-5090,RTX 5090 32 GB,Q4_K_M,8192,6.4,fits,131072,270
llama-3.1-8b,Llama 3.1 8B,rtx-5090,RTX 5090 32 GB,Q3_K_M,8192,5.48,fits,131072,334
llama-3.1-8b,Llama 3.1 8B,rtx-6000-ada,RTX 6000 Ada 48 GB,FP16,8192,18.21,fits,131072,42
llama-3.1-8b,Llama 3.1 8B,rtx-6000-ada,RTX 6000 Ada 48 GB,Q8_0,8192,10.39,fits,131072,79
llama-3.1-8b,Llama 3.1 8B,rtx-6000-ada,RTX 6000 Ada 48 GB,Q6_K,8192,8.4,fits,131072,102
llama-3.1-8b,Llama 3.1 8B,rtx-6000-ada,RTX 6000 Ada 48 GB,Q5_K_M,8192,7.48,fits,131072,118
llama-3.1-8b,Llama 3.1 8B,rtx-6000-ada,RTX 6000 Ada 48 GB,Q4_K_M,8192,6.4,fits,131072,145
llama-3.1-8b,Llama 3.1 8B,rtx-6000-ada,RTX 6000 Ada 48 GB,Q3_K_M,8192,5.48,fits,131072,179
llama-3.1-8b,Llama 3.1 8B,l40s,L40S 48 GB,FP16,8192,18.21,fits,131072,38
llama-3.1-8b,Llama 3.1 8B,l40s,L40S 48 GB,Q8_0,8192,10.39,fits,131072,71
llama-3.1-8b,Llama 3.1 8B,l40s,L40S 48 GB,Q6_K,8192,8.4,fits,131072,92
llama-3.1-8b,Llama 3.1 8B,l40s,L40S 48 GB,Q5_K_M,8192,7.48,fits,131072,106
llama-3.1-8b,Llama 3.1 8B,l40s,L40S 48 GB,Q4_K_M,8192,6.4,fits,131072,130
llama-3.1-8b,Llama 3.1 8B,l40s,L40S 48 GB,Q3_K_M,8192,5.48,fits,131072,161
llama-3.1-8b,Llama 3.1 8B,rtx-pro-6000,RTX PRO 6000 Blackwell 96 GB,FP16,8192,18.21,fits,131072,78
llama-3.1-8b,Llama 3.1 8B,rtx-pro-6000,RTX PRO 6000 Blackwell 96 GB,Q8_0,8192,10.39,fits,131072,148
llama-3.1-8b,Llama 3.1 8B,rtx-pro-6000,RTX PRO 6000 Blackwell 96 GB,Q6_K,8192,8.4,fits,131072,191
llama-3.1-8b,Llama 3.1 8B,rtx-pro-6000,RTX PRO 6000 Blackwell 96 GB,Q5_K_M,8192,7.48,fits,131072,221
llama-3.1-8b,Llama 3.1 8B,rtx-pro-6000,RTX PRO 6000 Blackwell 96 GB,Q4_K_M,8192,6.4,fits,131072,270
llama-3.1-8b,Llama 3.1 8B,rtx-pro-6000,RTX PRO 6000 Blackwell 96 GB,Q3_K_M,8192,5.48,fits,131072,334
llama-3.1-8b,Llama 3.1 8B,a100-80,A100 80 GB,FP16,8192,18.21,fits,131072,89
llama-3.1-8b,Llama 3.1 8B,a100-80,A100 80 GB,Q8_0,8192,10.39,fits,131072,168
llama-3.1-8b,Llama 3.1 8B,a100-80,A100 80 GB,Q6_K,8192,8.4,fits,131072,218
llama-3.1-8b,Llama 3.1 8B,a100-80,A100 80 GB,Q5_K_M,8192,7.48,fits,131072,251
llama-3.1-8b,Llama 3.1 8B,a100-80,A100 80 GB,Q4_K_M,8192,6.4,fits,131072,308
llama-3.1-8b,Llama 3.1 8B,a100-80,A100 80 GB,Q3_K_M,8192,5.48,fits,131072,380
llama-3.1-8b,Llama 3.1 8B,h100-sxm,H100 SXM 80 GB,FP16,8192,18.21,fits,131072,147
llama-3.1-8b,Llama 3.1 8B,h100-sxm,H100 SXM 80 GB,Q8_0,8192,10.39,fits,131072,277
llama-3.1-8b,Llama 3.1 8B,h100-sxm,H100 SXM 80 GB,Q6_K,8192,8.4,fits,131072,358
llama-3.1-8b,Llama 3.1 8B,h100-sxm,H100 SXM 80 GB,Q5_K_M,8192,7.48,fits,131072,413
llama-3.1-8b,Llama 3.1 8B,h100-sxm,H100 SXM 80 GB,Q4_K_M,8192,6.4,fits,131072,506
llama-3.1-8b,Llama 3.1 8B,h100-sxm,H100 SXM 80 GB,Q3_K_M,8192,5.48,fits,131072,624
llama-3.1-8b,Llama 3.1 8B,m2-ultra,Mac Studio M2 Ultra (unified),FP16,8192,18.21,fits,131072,35
llama-3.1-8b,Llama 3.1 8B,m2-ultra,Mac Studio M2 Ultra (unified),Q8_0,8192,10.39,fits,131072,66
llama-3.1-8b,Llama 3.1 8B,m2-ultra,Mac Studio M2 Ultra (unified),Q6_K,8192,8.4,fits,131072,85
llama-3.1-8b,Llama 3.1 8B,m2-ultra,Mac Studio M2 Ultra (unified),Q5_K_M,8192,7.48,fits,131072,99
llama-3.1-8b,Llama 3.1 8B,m2-ultra,Mac Studio M2 Ultra (unified),Q4_K_M,8192,6.4,fits,131072,121
llama-3.1-8b,Llama 3.1 8B,m2-ultra,Mac Studio M2 Ultra (unified),Q3_K_M,8192,5.48,fits,131072,149
llama-3.1-8b,Llama 3.1 8B,m4-max,MacBook Pro M4 Max (unified),FP16,8192,18.21,fits,131072,24
llama-3.1-8b,Llama 3.1 8B,m4-max,MacBook Pro M4 Max (unified),Q8_0,8192,10.39,fits,131072,45
llama-3.1-8b,Llama 3.1 8B,m4-max,MacBook Pro M4 Max (unified),Q6_K,8192,8.4,fits,131072,58
llama-3.1-8b,Llama 3.1 8B,m4-max,MacBook Pro M4 Max (unified),Q5_K_M,8192,7.48,fits,131072,67
llama-3.1-8b,Llama 3.1 8B,m4-max,MacBook Pro M4 Max (unified),Q4_K_M,8192,6.4,fits,131072,82
llama-3.1-8b,Llama 3.1 8B,m4-max,MacBook Pro M4 Max (unified),Q3_K_M,8192,5.48,fits,131072,102
qwen3-8b,Qwen3 8B,rtx-3060-12,RTX 3060 12 GB,FP16,8192,18.76,no,0,
qwen3-8b,Qwen3 8B,rtx-3060-12,RTX 3060 12 GB,Q8_0,8192,10.75,tight,12288,29
qwen3-8b,Qwen3 8B,rtx-3060-12,RTX 3060 12 GB,Q6_K,8192,8.7,fits,25600,37
qwen3-8b,Qwen3 8B,rtx-3060-12,RTX 3060 12 GB,Q5_K_M,8192,7.76,fits,32768,43
qwen3-8b,Qwen3 8B,rtx-3060-12,RTX 3060 12 GB,Q4_K_M,8192,6.65,fits,39936,53
qwen3-8b,Qwen3 8B,rtx-3060-12,RTX 3060 12 GB,Q3_K_M,8192,5.72,fits,40960,65
qwen3-8b,Qwen3 8B,rtx-4060-ti-16,RTX 4060 Ti 16 GB,FP16,8192,18.76,no,0,
qwen3-8b,Qwen3 8B,rtx-4060-ti-16,RTX 4060 Ti 16 GB,Q8_0,8192,10.75,fits,37888,23
qwen3-8b,Qwen3 8B,rtx-4060-ti-16,RTX 4060 Ti 16 GB,Q6_K,8192,8.7,fits,40960,30
qwen3-8b,Qwen3 8B,rtx-4060-ti-16,RTX 4060 Ti 16 GB,Q5_K_M,8192,7.76,fits,40960,35
qwen3-8b,Qwen3 8B,rtx-4060-ti-16,RTX 4060 Ti 16 GB,Q4_K_M,8192,6.65,fits,40960,42
qwen3-8b,Qwen3 8B,rtx-4060-ti-16,RTX 4060 Ti 16 GB,Q3_K_M,8192,5.72,fits,40960,52
qwen3-8b,Qwen3 8B,rtx-4070,RTX 4070 12 GB,FP16,8192,18.76,no,0,
qwen3-8b,Qwen3 8B,rtx-4070,RTX 4070 12 GB,Q8_0,8192,10.75,tight,12288,41
qwen3-8b,Qwen3 8B,rtx-4070,RTX 4070 12 GB,Q6_K,8192,8.7,fits,25600,52
qwen3-8b,Qwen3 8B,rtx-4070,RTX 4070 12 GB,Q5_K_M,8192,7.76,fits,32768,61
qwen3-8b,Qwen3 8B,rtx-4070,RTX 4070 12 GB,Q4_K_M,8192,6.65,fits,39936,74
qwen3-8b,Qwen3 8B,rtx-4070,RTX 4070 12 GB,Q3_K_M,8192,5.72,fits,40960,92
qwen3-8b,Qwen3 8B,rtx-3090,RTX 3090 24 GB,FP16,8192,18.76,fits,34816,40
qwen3-8b,Qwen3 8B,rtx-3090,RTX 3090 24 GB,Q8_0,8192,10.75,fits,40960,75
qwen3-8b,Qwen3 8B,rtx-3090,RTX 3090 24 GB,Q6_K,8192,8.7,fits,40960,97
qwen3-8b,Qwen3 8B,rtx-3090,RTX 3090 24 GB,Q5_K_M,8192,7.76,fits,40960,113
qwen3-8b,Qwen3 8B,rtx-3090,RTX 3090 24 GB,Q4_K_M,8192,6.65,fits,40960,138
qwen3-8b,Qwen3 8B,rtx-3090,RTX 3090 24 GB,Q3_K_M,8192,5.72,fits,40960,170
qwen3-8b,Qwen3 8B,rtx-4090,RTX 4090 24 GB,FP16,8192,18.76,fits,34816,43
qwen3-8b,Qwen3 8B,rtx-4090,RTX 4090 24 GB,Q8_0,8192,10.75,fits,40960,81
qwen3-8b,Qwen3 8B,rtx-4090,RTX 4090 24 GB,Q6_K,8192,8.7,fits,40960,105
qwen3-8b,Qwen3 8B,rtx-4090,RTX 4090 24 GB,Q5_K_M,8192,7.76,fits,40960,121
qwen3-8b,Qwen3 8B,rtx-4090,RTX 4090 24 GB,Q4_K_M,8192,6.65,fits,40960,148
qwen3-8b,Qwen3 8B,rtx-4090,RTX 4090 24 GB,Q3_K_M,8192,5.72,fits,40960,183
qwen3-8b,Qwen3 8B,rtx-5090,RTX 5090 32 GB,FP16,8192,18.76,fits,40960,76
qwen3-8b,Qwen3 8B,rtx-5090,RTX 5090 32 GB,Q8_0,8192,10.75,fits,40960,144
qwen3-8b,Qwen3 8B,rtx-5090,RTX 5090 32 GB,Q6_K,8192,8.7,fits,40960,187
qwen3-8b,Qwen3 8B,rtx-5090,RTX 5090 32 GB,Q5_K_M,8192,7.76,fits,40960,215
qwen3-8b,Qwen3 8B,rtx-5090,RTX 5090 32 GB,Q4_K_M,8192,6.65,fits,40960,264
qwen3-8b,Qwen3 8B,rtx-5090,RTX 5090 32 GB,Q3_K_M,8192,5.72,fits,40960,325
qwen3-8b,Qwen3 8B,rtx-6000-ada,RTX 6000 Ada 48 GB,FP16,8192,18.76,fits,40960,41
qwen3-8b,Qwen3 8B,rtx-6000-ada,RTX 6000 Ada 48 GB,Q8_0,8192,10.75,fits,40960,77
qwen3-8b,Qwen3 8B,rtx-6000-ada,RTX 6000 Ada 48 GB,Q6_K,8192,8.7,fits,40960,100
qwen3-8b,Qwen3 8B,rtx-6000-ada,RTX 6000 Ada 48 GB,Q5_K_M,8192,7.76,fits,40960,115
qwen3-8b,Qwen3 8B,rtx-6000-ada,RTX 6000 Ada 48 GB,Q4_K_M,8192,6.65,fits,40960,141
qwen3-8b,Qwen3 8B,rtx-6000-ada,RTX 6000 Ada 48 GB,Q3_K_M,8192,5.72,fits,40960,174
qwen3-8b,Qwen3 8B,l40s,L40S 48 GB,FP16,8192,18.76,fits,40960,37
qwen3-8b,Qwen3 8B,l40s,L40S 48 GB,Q8_0,8192,10.75,fits,40960,70
qwen3-8b,Qwen3 8B,l40s,L40S 48 GB,Q6_K,8192,8.7,fits,40960,90
qwen3-8b,Qwen3 8B,l40s,L40S 48 GB,Q5_K_M,8192,7.76,fits,40960,104
qwen3-8b,Qwen3 8B,l40s,L40S 48 GB,Q4_K_M,8192,6.65,fits,40960,127
qwen3-8b,Qwen3 8B,l40s,L40S 48 GB,Q3_K_M,8192,5.72,fits,40960,157
qwen3-8b,Qwen3 8B,rtx-pro-6000,RTX PRO 6000 Blackwell 96 GB,FP16,8192,18.76,fits,40960,76
qwen3-8b,Qwen3 8B,rtx-pro-6000,RTX PRO 6000 Blackwell 96 GB,Q8_0,8192,10.75,fits,40960,144
qwen3-8b,Qwen3 8B,rtx-pro-6000,RTX PRO 6000 Blackwell 96 GB,Q6_K,8192,8.7,fits,40960,187
qwen3-8b,Qwen3 8B,rtx-pro-6000,RTX PRO 6000 Blackwell 96 GB,Q5_K_M,8192,7.76,fits,40960,215
qwen3-8b,Qwen3 8B,rtx-pro-6000,RTX PRO 6000 Blackwell 96 GB,Q4_K_M,8192,6.65,fits,40960,264
qwen3-8b,Qwen3 8B,rtx-pro-6000,RTX PRO 6000 Blackwell 96 GB,Q3_K_M,8192,5.72,fits,40960,325
qwen3-8b,Qwen3 8B,a100-80,A100 80 GB,FP16,8192,18.76,fits,40960,87
qwen3-8b,Qwen3 8B,a100-80,A100 80 GB,Q8_0,8192,10.75,fits,40960,164
qwen3-8b,Qwen3 8B,a100-80,A100 80 GB,Q6_K,8192,8.7,fits,40960,212
qwen3-8b,Qwen3 8B,a100-80,A100 80 GB,Q5_K_M,8192,7.76,fits,40960,245
qwen3-8b,Qwen3 8B,a100-80,A100 80 GB,Q4_K_M,8192,6.65,fits,40960,300
qwen3-8b,Qwen3 8B,a100-80,A100 80 GB,Q3_K_M,8192,5.72,fits,40960,370
qwen3-8b,Qwen3 8B,h100-sxm,H100 SXM 80 GB,FP16,8192,18.76,fits,40960,143
qwen3-8b,Qwen3 8B,h100-sxm,H100 SXM 80 GB,Q8_0,8192,10.75,fits,40960,270
qwen3-8b,Qwen3 8B,h100-sxm,H100 SXM 80 GB,Q6_K,8192,8.7,fits,40960,349
qwen3-8b,Qwen3 8B,h100-sxm,H100 SXM 80 GB,Q5_K_M,8192,7.76,fits,40960,403
qwen3-8b,Qwen3 8B,h100-sxm,H100 SXM 80 GB,Q4_K_M,8192,6.65,fits,40960,493
qwen3-8b,Qwen3 8B,h100-sxm,H100 SXM 80 GB,Q3_K_M,8192,5.72,fits,40960,609
qwen3-8b,Qwen3 8B,m2-ultra,Mac Studio M2 Ultra (unified),FP16,8192,18.76,fits,40960,34
qwen3-8b,Qwen3 8B,m2-ultra,Mac Studio M2 Ultra (unified),Q8_0,8192,10.75,fits,40960,64
qwen3-8b,Qwen3 8B,m2-ultra,Mac Studio M2 Ultra (unified),Q6_K,8192,8.7,fits,40960,83
qwen3-8b,Qwen3 8B,m2-ultra,Mac Studio M2 Ultra (unified),Q5_K_M,8192,7.76,fits,40960,96
qwen3-8b,Qwen3 8B,m2-ultra,Mac Studio M2 Ultra (unified),Q4_K_M,8192,6.65,fits,40960,118
qwen3-8b,Qwen3 8B,m2-ultra,Mac Studio M2 Ultra (unified),Q3_K_M,8192,5.72,fits,40960,145
qwen3-8b,Qwen3 8B,m4-max,MacBook Pro M4 Max (unified),FP16,8192,18.76,fits,40960,23
qwen3-8b,Qwen3 8B,m4-max,MacBook Pro M4 Max (unified),Q8_0,8192,10.75,fits,40960,44
qwen3-8b,Qwen3 8B,m4-max,MacBook Pro M4 Max (unified),Q6_K,8192,8.7,fits,40960,57
qwen3-8b,Qwen3 8B,m4-max,MacBook Pro M4 Max (unified),Q5_K_M,8192,7.76,fits,40960,66
qwen3-8b,Qwen3 8B,m4-max,MacBook Pro M4 Max (unified),Q4_K_M,8192,6.65,fits,40960,80
qwen3-8b,Qwen3 8B,m4-max,MacBook Pro M4 Max (unified),Q3_K_M,8192,5.72,fits,40960,99
qwen3.5-9b,Qwen3.5 9B,rtx-3060-12,RTX 3060 12 GB,FP16,8192,20.99,no,0,
qwen3.5-9b,Qwen3.5 9B,rtx-3060-12,RTX 3060 12 GB,Q8_0,8192,11.51,no,4096,25
qwen3.5-9b,Qwen3.5 9B,rtx-3060-12,RTX 3060 12 GB,Q6_K,8192,9.09,fits,77824,32
qwen3.5-9b,Qwen3.5 9B,rtx-3060-12,RTX 3060 12 GB,Q5_K_M,8192,7.98,fits,111616,37
qwen3.5-9b,Qwen3.5 9B,rtx-3060-12,RTX 3060 12 GB,Q4_K_M,8192,6.67,fits,131072,45
qwen3.5-9b,Qwen3.5 9B,rtx-3060-12,RTX 3060 12 GB,Q3_K_M,8192,5.56,fits,131072,55
qwen3.5-9b,Qwen3.5 9B,rtx-4060-ti-16,RTX 4060 Ti 16 GB,FP16,8192,20.99,no,0,
qwen3.5-9b,Qwen3.5 9B,rtx-4060-ti-16,RTX 4060 Ti 16 GB,Q8_0,8192,11.51,fits,119808,20
qwen3.5-9b,Qwen3.5 9B,rtx-4060-ti-16,RTX 4060 Ti 16 GB,Q6_K,8192,9.09,fits,131072,25
qwen3.5-9b,Qwen3.5 9B,rtx-4060-ti-16,RTX 4060 Ti 16 GB,Q5_K_M,8192,7.98,fits,131072,29
qwen3.5-9b,Qwen3.5 9B,rtx-4060-ti-16,RTX 4060 Ti 16 GB,Q4_K_M,8192,6.67,fits,131072,36
qwen3.5-9b,Qwen3.5 9B,rtx-4060-ti-16,RTX 4060 Ti 16 GB,Q3_K_M,8192,5.56,fits,131072,44
qwen3.5-9b,Qwen3.5 9B,rtx-4070,RTX 4070 12 GB,FP16,8192,20.99,no,0,
qwen3.5-9b,Qwen3.5 9B,rtx-4070,RTX 4070 12 GB,Q8_0,8192,11.51,no,4096,34
qwen3.5-9b,Qwen3.5 9B,rtx-4070,RTX 4070 12 GB,Q6_K,8192,9.09,fits,77824,44
qwen3.5-9b,Qwen3.5 9B,rtx-4070,RTX 4070 12 GB,Q5_K_M,8192,7.98,fits,111616,51
qwen3.5-9b,Qwen3.5 9B,rtx-4070,RTX 4070 12 GB,Q4_K_M,8192,6.67,fits,131072,63
qwen3.5-9b,Qwen3.5 9B,rtx-4070,RTX 4070 12 GB,Q3_K_M,8192,5.56,fits,131072,77
qwen3.5-9b,Qwen3.5 9B,rtx-3090,RTX 3090 24 GB,FP16,8192,20.99,tight,62464,34
qwen3.5-9b,Qwen3.5 9B,rtx-3090,RTX 3090 24 GB,Q8_0,8192,11.51,fits,131072,64
qwen3.5-9b,Qwen3.5 9B,rtx-3090,RTX 3090 24 GB,Q6_K,8192,9.09,fits,131072,82
qwen3.5-9b,Qwen3.5 9B,rtx-3090,RTX 3090 24 GB,Q5_K_M,8192,7.98,fits,131072,95
qwen3.5-9b,Qwen3.5 9B,rtx-3090,RTX 3090 24 GB,Q4_K_M,8192,6.67,fits,131072,116
qwen3.5-9b,Qwen3.5 9B,rtx-3090,RTX 3090 24 GB,Q3_K_M,8192,5.56,fits,131072,144
qwen3.5-9b,Qwen3.5 9B,rtx-4090,RTX 4090 24 GB,FP16,8192,20.99,tight,62464,36
qwen3.5-9b,Qwen3.5 9B,rtx-4090,RTX 4090 24 GB,Q8_0,8192,11.51,fits,131072,69
qwen3.5-9b,Qwen3.5 9B,rtx-4090,RTX 4090 24 GB,Q6_K,8192,9.09,fits,131072,89
qwen3.5-9b,Qwen3.5 9B,rtx-4090,RTX 4090 24 GB,Q5_K_M,8192,7.98,fits,131072,102
qwen3.5-9b,Qwen3.5 9B,rtx-4090,RTX 4090 24 GB,Q4_K_M,8192,6.67,fits,131072,125
qwen3.5-9b,Qwen3.5 9B,rtx-4090,RTX 4090 24 GB,Q3_K_M,8192,5.56,fits,131072,155
qwen3.5-9b,Qwen3.5 9B,rtx-5090,RTX 5090 32 GB,FP16,8192,20.99,fits,131072,65
qwen3.5-9b,Qwen3.5 9B,rtx-5090,RTX 5090 32 GB,Q8_0,8192,11.51,fits,131072,122
qwen3.5-9b,Qwen3.5 9B,rtx-5090,RTX 5090 32 GB,Q6_K,8192,9.09,fits,131072,158
qwen3.5-9b,Qwen3.5 9B,rtx-5090,RTX 5090 32 GB,Q5_K_M,8192,7.98,fits,131072,182
qwen3.5-9b,Qwen3.5 9B,rtx-5090,RTX 5090 32 GB,Q4_K_M,8192,6.67,fits,131072,223
qwen3.5-9b,Qwen3.5 9B,rtx-5090,RTX 5090 32 GB,Q3_K_M,8192,5.56,fits,131072,275
qwen3.5-9b,Qwen3.5 9B,rtx-6000-ada,RTX 6000 Ada 48 GB,FP16,8192,20.99,fits,131072,35
qwen3.5-9b,Qwen3.5 9B,rtx-6000-ada,RTX 6000 Ada 48 GB,Q8_0,8192,11.51,fits,131072,65
qwen3.5-9b,Qwen3.5 9B,rtx-6000-ada,RTX 6000 Ada 48 GB,Q6_K,8192,9.09,fits,131072,84
qwen3.5-9b,Qwen3.5 9B,rtx-6000-ada,RTX 6000 Ada 48 GB,Q5_K_M,8192,7.98,fits,131072,98
qwen3.5-9b,Qwen3.5 9B,rtx-6000-ada,RTX 6000 Ada 48 GB,Q4_K_M,8192,6.67,fits,131072,119
qwen3.5-9b,Qwen3.5 9B,rtx-6000-ada,RTX 6000 Ada 48 GB,Q3_K_M,8192,5.56,fits,131072,147
qwen3.5-9b,Qwen3.5 9B,l40s,L40S 48 GB,FP16,8192,20.99,fits,131072,31
qwen3.5-9b,Qwen3.5 9B,l40s,L40S 48 GB,Q8_0,8192,11.51,fits,131072,59
qwen3.5-9b,Qwen3.5 9B,l40s,L40S 48 GB,Q6_K,8192,9.09,fits,131072,76
qwen3.5-9b,Qwen3.5 9B,l40s,L40S 48 GB,Q5_K_M,8192,7.98,fits,131072,88
qwen3.5-9b,Qwen3.5 9B,l40s,L40S 48 GB,Q4_K_M,8192,6.67,fits,131072,108
qwen3.5-9b,Qwen3.5 9B,l40s,L40S 48 GB,Q3_K_M,8192,5.56,fits,131072,133
qwen3.5-9b,Qwen3.5 9B,rtx-pro-6000,RTX PRO 6000 Blackwell 96 GB,FP16,8192,20.99,fits,131072,65
qwen3.5-9b,Qwen3.5 9B,rtx-pro-6000,RTX PRO 6000 Blackwell 96 GB,Q8_0,8192,11.51,fits,131072,122
qwen3.5-9b,Qwen3.5 9B,rtx-pro-6000,RTX PRO 6000 Blackwell 96 GB,Q6_K,8192,9.09,fits,131072,158
qwen3.5-9b,Qwen3.5 9B,rtx-pro-6000,RTX PRO 6000 Blackwell 96 GB,Q5_K_M,8192,7.98,fits,131072,182
qwen3.5-9b,Qwen3.5 9B,rtx-pro-6000,RTX PRO 6000 Blackwell 96 GB,Q4_K_M,8192,6.67,fits,131072,223
qwen3.5-9b,Qwen3.5 9B,rtx-pro-6000,RTX PRO 6000 Blackwell 96 GB,Q3_K_M,8192,5.56,fits,131072,275
qwen3.5-9b,Qwen3.5 9B,a100-80,A100 80 GB,FP16,8192,20.99,fits,131072,74
qwen3.5-9b,Qwen3.5 9B,a100-80,A100 80 GB,Q8_0,8192,11.51,fits,131072,139
qwen3.5-9b,Qwen3.5 9B,a100-80,A100 80 GB,Q6_K,8192,9.09,fits,131072,179
qwen3.5-9b,Qwen3.5 9B,a100-80,A100 80 GB,Q5_K_M,8192,7.98,fits,131072,207
qwen3.5-9b,Qwen3.5 9B,a100-80,A100 80 GB,Q4_K_M,8192,6.67,fits,131072,254
qwen3.5-9b,Qwen3.5 9B,a100-80,A100 80 GB,Q3_K_M,8192,5.56,fits,131072,313
qwen3.5-9b,Qwen3.5 9B,h100-sxm,H100 SXM 80 GB,FP16,8192,20.99,fits,131072,121
qwen3.5-9b,Qwen3.5 9B,h100-sxm,H100 SXM 80 GB,Q8_0,8192,11.51,fits,131072,228
qwen3.5-9b,Qwen3.5 9B,h100-sxm,H100 SXM 80 GB,Q6_K,8192,9.09,fits,131072,295
qwen3.5-9b,Qwen3.5 9B,h100-sxm,H100 SXM 80 GB,Q5_K_M,8192,7.98,fits,131072,341
qwen3.5-9b,Qwen3.5 9B,h100-sxm,H100 SXM 80 GB,Q4_K_M,8192,6.67,fits,131072,417
qwen3.5-9b,Qwen3.5 9B,h100-sxm,H100 SXM 80 GB,Q3_K_M,8192,5.56,fits,131072,515
qwen3.5-9b,Qwen3.5 9B,m2-ultra,Mac Studio M2 Ultra (unified),FP16,8192,20.99,fits,131072,29
qwen3.5-9b,Qwen3.5 9B,m2-ultra,Mac Studio M2 Ultra (unified),Q8_0,8192,11.51,fits,131072,54
qwen3.5-9b,Qwen3.5 9B,m2-ultra,Mac Studio M2 Ultra (unified),Q6_K,8192,9.09,fits,131072,70
qwen3.5-9b,Qwen3.5 9B,m2-ultra,Mac Studio M2 Ultra (unified),Q5_K_M,8192,7.98,fits,131072,81
qwen3.5-9b,Qwen3.5 9B,m2-ultra,Mac Studio M2 Ultra (unified),Q4_K_M,8192,6.67,fits,131072,100
qwen3.5-9b,Qwen3.5 9B,m2-ultra,Mac Studio M2 Ultra (unified),Q3_K_M,8192,5.56,fits,131072,123
qwen3.5-9b,Qwen3.5 9B,m4-max,MacBook Pro M4 Max (unified),FP16,8192,20.99,fits,131072,20
qwen3.5-9b,Qwen3.5 9B,m4-max,MacBook Pro M4 Max (unified),Q8_0,8192,11.51,fits,131072,37
qwen3.5-9b,Qwen3.5 9B,m4-max,MacBook Pro M4 Max (unified),Q6_K,8192,9.09,fits,131072,48
qwen3.5-9b,Qwen3.5 9B,m4-max,MacBook Pro M4 Max (unified),Q5_K_M,8192,7.98,fits,131072,55
qwen3.5-9b,Qwen3.5 9B,m4-max,MacBook Pro M4 Max (unified),Q4_K_M,8192,6.67,fits,131072,68
qwen3.5-9b,Qwen3.5 9B,m4-max,MacBook Pro M4 Max (unified),Q3_K_M,8192,5.56,fits,131072,84
gemma-4-12b,Gemma 4 12B,rtx-3060-12,RTX 3060 12 GB,FP16,8192,25.93,no,0,
gemma-4-12b,Gemma 4 12B,rtx-3060-12,RTX 3060 12 GB,Q8_0,8192,14.2,no,0,
gemma-4-12b,Gemma 4 12B,rtx-3060-12,RTX 3060 12 GB,Q6_K,8192,11.2,tight,19456,26
gemma-4-12b,Gemma 4 12B,rtx-3060-12,RTX 3060 12 GB,Q5_K_M,8192,9.83,fits,103424,30
gemma-4-12b,Gemma 4 12B,rtx-3060-12,RTX 3060 12 GB,Q4_K_M,8192,8.21,fits,131072,36
gemma-4-12b,Gemma 4 12B,rtx-3060-12,RTX 3060 12 GB,Q3_K_M,8192,6.84,fits,131072,45
gemma-4-12b,Gemma 4 12B,rtx-4060-ti-16,RTX 4060 Ti 16 GB,FP16,8192,25.93,no,0,
gemma-4-12b,Gemma 4 12B,rtx-4060-ti-16,RTX 4060 Ti 16 GB,Q8_0,8192,14.2,tight,68608,16
gemma-4-12b,Gemma 4 12B,rtx-4060-ti-16,RTX 4060 Ti 16 GB,Q6_K,8192,11.2,fits,131072,20
gemma-4-12b,Gemma 4 12B,rtx-4060-ti-16,RTX 4060 Ti 16 GB,Q5_K_M,8192,9.83,fits,131072,24
gemma-4-12b,Gemma 4 12B,rtx-4060-ti-16,RTX 4060 Ti 16 GB,Q4_K_M,8192,8.21,fits,131072,29
gemma-4-12b,Gemma 4 12B,rtx-4060-ti-16,RTX 4060 Ti 16 GB,Q3_K_M,8192,6.84,fits,131072,36
gemma-4-12b,Gemma 4 12B,rtx-4070,RTX 4070 12 GB,FP16,8192,25.93,no,0,
gemma-4-12b,Gemma 4 12B,rtx-4070,RTX 4070 12 GB,Q8_0,8192,14.2,no,0,
gemma-4-12b,Gemma 4 12B,rtx-4070,RTX 4070 12 GB,Q6_K,8192,11.2,tight,19456,36
gemma-4-12b,Gemma 4 12B,rtx-4070,RTX 4070 12 GB,Q5_K_M,8192,9.83,fits,103424,41
gemma-4-12b,Gemma 4 12B,rtx-4070,RTX 4070 12 GB,Q4_K_M,8192,8.21,fits,131072,51
gemma-4-12b,Gemma 4 12B,rtx-4070,RTX 4070 12 GB,Q3_K_M,8192,6.84,fits,131072,63
gemma-4-12b,Gemma 4 12B,rtx-3090,RTX 3090 24 GB,FP16,8192,25.93,no,0,
gemma-4-12b,Gemma 4 12B,rtx-3090,RTX 3090 24 GB,Q8_0,8192,14.2,fits,131072,52
gemma-4-12b,Gemma 4 12B,rtx-3090,RTX 3090 24 GB,Q6_K,8192,11.2,fits,131072,67
gemma-4-12b,Gemma 4 12B,rtx-3090,RTX 3090 24 GB,Q5_K_M,8192,9.83,fits,131072,77
gemma-4-12b,Gemma 4 12B,rtx-3090,RTX 3090 24 GB,Q4_K_M,8192,8.21,fits,131072,94
gemma-4-12b,Gemma 4 12B,rtx-3090,RTX 3090 24 GB,Q3_K_M,8192,6.84,fits,131072,116
gemma-4-12b,Gemma 4 12B,rtx-4090,RTX 4090 24 GB,FP16,8192,25.93,no,0,
gemma-4-12b,Gemma 4 12B,rtx-4090,RTX 4090 24 GB,Q8_0,8192,14.2,fits,131072,55
gemma-4-12b,Gemma 4 12B,rtx-4090,RTX 4090 24 GB,Q6_K,8192,11.2,fits,131072,72
gemma-4-12b,Gemma 4 12B,rtx-4090,RTX 4090 24 GB,Q5_K_M,8192,9.83,fits,131072,83
gemma-4-12b,Gemma 4 12B,rtx-4090,RTX 4090 24 GB,Q4_K_M,8192,8.21,fits,131072,101
gemma-4-12b,Gemma 4 12B,rtx-4090,RTX 4090 24 GB,Q3_K_M,8192,6.84,fits,131072,125
gemma-4-12b,Gemma 4 12B,rtx-5090,RTX 5090 32 GB,FP16,8192,25.93,fits,131072,52
gemma-4-12b,Gemma 4 12B,rtx-5090,RTX 5090 32 GB,Q8_0,8192,14.2,fits,131072,99
gemma-4-12b,Gemma 4 12B,rtx-5090,RTX 5090 32 GB,Q6_K,8192,11.2,fits,131072,127
gemma-4-12b,Gemma 4 12B,rtx-5090,RTX 5090 32 GB,Q5_K_M,8192,9.83,fits,131072,147
gemma-4-12b,Gemma 4 12B,rtx-5090,RTX 5090 32 GB,Q4_K_M,8192,8.21,fits,131072,180
gemma-4-12b,Gemma 4 12B,rtx-5090,RTX 5090 32 GB,Q3_K_M,8192,6.84,fits,131072,222
gemma-4-12b,Gemma 4 12B,rtx-6000-ada,RTX 6000 Ada 48 GB,FP16,8192,25.93,fits,131072,28
gemma-4-12b,Gemma 4 12B,rtx-6000-ada,RTX 6000 Ada 48 GB,Q8_0,8192,14.2,fits,131072,53
gemma-4-12b,Gemma 4 12B,rtx-6000-ada,RTX 6000 Ada 48 GB,Q6_K,8192,11.2,fits,131072,68
gemma-4-12b,Gemma 4 12B,rtx-6000-ada,RTX 6000 Ada 48 GB,Q5_K_M,8192,9.83,fits,131072,79
gemma-4-12b,Gemma 4 12B,rtx-6000-ada,RTX 6000 Ada 48 GB,Q4_K_M,8192,8.21,fits,131072,97
gemma-4-12b,Gemma 4 12B,rtx-6000-ada,RTX 6000 Ada 48 GB,Q3_K_M,8192,6.84,fits,131072,119
gemma-4-12b,Gemma 4 12B,l40s,L40S 48 GB,FP16,8192,25.93,fits,131072,25
gemma-4-12b,Gemma 4 12B,l40s,L40S 48 GB,Q8_0,8192,14.2,fits,131072,48
gemma-4-12b,Gemma 4 12B,l40s,L40S 48 GB,Q6_K,8192,11.2,fits,131072,61
gemma-4-12b,Gemma 4 12B,l40s,L40S 48 GB,Q5_K_M,8192,9.83,fits,131072,71
gemma-4-12b,Gemma 4 12B,l40s,L40S 48 GB,Q4_K_M,8192,8.21,fits,131072,87
gemma-4-12b,Gemma 4 12B,l40s,L40S 48 GB,Q3_K_M,8192,6.84,fits,131072,107
gemma-4-12b,Gemma 4 12B,rtx-pro-6000,RTX PRO 6000 Blackwell 96 GB,FP16,8192,25.93,fits,131072,52
gemma-4-12b,Gemma 4 12B,rtx-pro-6000,RTX PRO 6000 Blackwell 96 GB,Q8_0,8192,14.2,fits,131072,99
gemma-4-12b,Gemma 4 12B,rtx-pro-6000,RTX PRO 6000 Blackwell 96 GB,Q6_K,8192,11.2,fits,131072,127
gemma-4-12b,Gemma 4 12B,rtx-pro-6000,RTX PRO 6000 Blackwell 96 GB,Q5_K_M,8192,9.83,fits,131072,147
gemma-4-12b,Gemma 4 12B,rtx-pro-6000,RTX PRO 6000 Blackwell 96 GB,Q4_K_M,8192,8.21,fits,131072,180
gemma-4-12b,Gemma 4 12B,rtx-pro-6000,RTX PRO 6000 Blackwell 96 GB,Q3_K_M,8192,6.84,fits,131072,222
gemma-4-12b,Gemma 4 12B,a100-80,A100 80 GB,FP16,8192,25.93,fits,131072,59
gemma-4-12b,Gemma 4 12B,a100-80,A100 80 GB,Q8_0,8192,14.2,fits,131072,112
gemma-4-12b,Gemma 4 12B,a100-80,A100 80 GB,Q6_K,8192,11.2,fits,131072,145
gemma-4-12b,Gemma 4 12B,a100-80,A100 80 GB,Q5_K_M,8192,9.83,fits,131072,168
gemma-4-12b,Gemma 4 12B,a100-80,A100 80 GB,Q4_K_M,8192,8.21,fits,131072,205
gemma-4-12b,Gemma 4 12B,a100-80,A100 80 GB,Q3_K_M,8192,6.84,fits,131072,253
gemma-4-12b,Gemma 4 12B,h100-sxm,H100 SXM 80 GB,FP16,8192,25.93,fits,131072,98
gemma-4-12b,Gemma 4 12B,h100-sxm,H100 SXM 80 GB,Q8_0,8192,14.2,fits,131072,184
gemma-4-12b,Gemma 4 12B,h100-sxm,H100 SXM 80 GB,Q6_K,8192,11.2,fits,131072,238
gemma-4-12b,Gemma 4 12B,h100-sxm,H100 SXM 80 GB,Q5_K_M,8192,9.83,fits,131072,275
gemma-4-12b,Gemma 4 12B,h100-sxm,H100 SXM 80 GB,Q4_K_M,8192,8.21,fits,131072,337
gemma-4-12b,Gemma 4 12B,h100-sxm,H100 SXM 80 GB,Q3_K_M,8192,6.84,fits,131072,416
gemma-4-12b,Gemma 4 12B,m2-ultra,Mac Studio M2 Ultra (unified),FP16,8192,25.93,fits,131072,23
gemma-4-12b,Gemma 4 12B,m2-ultra,Mac Studio M2 Ultra (unified),Q8_0,8192,14.2,fits,131072,44
gemma-4-12b,Gemma 4 12B,m2-ultra,Mac Studio M2 Ultra (unified),Q6_K,8192,11.2,fits,131072,57
gemma-4-12b,Gemma 4 12B,m2-ultra,Mac Studio M2 Ultra (unified),Q5_K_M,8192,9.83,fits,131072,66
gemma-4-12b,Gemma 4 12B,m2-ultra,Mac Studio M2 Ultra (unified),Q4_K_M,8192,8.21,fits,131072,80
gemma-4-12b,Gemma 4 12B,m2-ultra,Mac Studio M2 Ultra (unified),Q3_K_M,8192,6.84,fits,131072,99
gemma-4-12b,Gemma 4 12B,m4-max,MacBook Pro M4 Max (unified),FP16,8192,25.93,fits,131072,16
gemma-4-12b,Gemma 4 12B,m4-max,MacBook Pro M4 Max (unified),Q8_0,8192,14.2,fits,131072,30
gemma-4-12b,Gemma 4 12B,m4-max,MacBook Pro M4 Max (unified),Q6_K,8192,11.2,fits,131072,39
gemma-4-12b,Gemma 4 12B,m4-max,MacBook Pro M4 Max (unified),Q5_K_M,8192,9.83,fits,131072,45
gemma-4-12b,Gemma 4 12B,m4-max,MacBook Pro M4 Max (unified),Q4_K_M,8192,8.21,fits,131072,55
gemma-4-12b,Gemma 4 12B,m4-max,MacBook Pro M4 Max (unified),Q3_K_M,8192,6.84,fits,131072,68
gemma-3-12b,Gemma 3 12B,rtx-3060-12,RTX 3060 12 GB,FP16,8192,26.75,no,0,
gemma-3-12b,Gemma 3 12B,rtx-3060-12,RTX 3060 12 GB,Q8_0,8192,14.82,no,0,
gemma-3-12b,Gemma 3 12B,rtx-3060-12,RTX 3060 12 GB,Q6_K,8192,11.78,no,2048,25
gemma-3-12b,Gemma 3 12B,rtx-3060-12,RTX 3060 12 GB,Q5_K_M,8192,10.38,tight,23552,29
gemma-3-12b,Gemma 3 12B,rtx-3060-12,RTX 3060 12 GB,Q4_K_M,8192,8.73,fits,48128,36
gemma-3-12b,Gemma 3 12B,rtx-3060-12,RTX 3060 12 GB,Q3_K_M,8192,7.34,fits,69632,44
gemma-3-12b,Gemma 3 12B,rtx-4060-ti-16,RTX 4060 Ti 16 GB,FP16,8192,26.75,no,0,
gemma-3-12b,Gemma 3 12B,rtx-4060-ti-16,RTX 4060 Ti 16 GB,Q8_0,8192,14.82,tight,13312,16
gemma-3-12b,Gemma 3 12B,rtx-4060-ti-16,RTX 4060 Ti 16 GB,Q6_K,8192,11.78,fits,60416,20
gemma-3-12b,Gemma 3 12B,rtx-4060-ti-16,RTX 4060 Ti 16 GB,Q5_K_M,8192,10.38,fits,80896,23
gemma-3-12b,Gemma 3 12B,rtx-4060-ti-16,RTX 4060 Ti 16 GB,Q4_K_M,8192,8.73,fits,106496,28
gemma-3-12b,Gemma 3 12B,rtx-4060-ti-16,RTX 4060 Ti 16 GB,Q3_K_M,8192,7.34,fits,128000,35
gemma-3-12b,Gemma 3 12B,rtx-4070,RTX 4070 12 GB,FP16,8192,26.75,no,0,
gemma-3-12b,Gemma 3 12B,rtx-4070,RTX 4070 12 GB,Q8_0,8192,14.82,no,0,
gemma-3-12b,Gemma 3 12B,rtx-4070,RTX 4070 12 GB,Q6_K,8192,11.78,no,2048,35
gemma-3-12b,Gemma 3 12B,rtx-4070,RTX 4070 12 GB,Q5_K_M,8192,10.38,tight,23552,41
gemma-3-12b,Gemma 3 12B,rtx-4070,RTX 4070 12 GB,Q4_K_M,8192,8.73,fits,48128,50
gemma-3-12b,Gemma 3 12B,rtx-4070,RTX 4070 12 GB,Q3_K_M,8192,7.34,fits,69632,62
gemma-3-12b,Gemma 3 12B,rtx-3090,RTX 3090 24 GB,FP16,8192,26.75,no,0,
gemma-3-12b,Gemma 3 12B,rtx-3090,RTX 3090 24 GB,Q8_0,8192,14.82,fits,129024,51
gemma-3-12b,Gemma 3 12B,rtx-3090,RTX 3090 24 GB,Q6_K,8192,11.78,fits,131072,65
gemma-3-12b,Gemma 3 12B,rtx-3090,RTX 3090 24 GB,Q5_K_M,8192,10.38,fits,131072,76
gemma-3-12b,Gemma 3 12B,rtx-3090,RTX 3090 24 GB,Q4_K_M,8192,8.73,fits,131072,93
gemma-3-12b,Gemma 3 12B,rtx-3090,RTX 3090 24 GB,Q3_K_M,8192,7.34,fits,131072,114
gemma-3-12b,Gemma 3 12B,rtx-4090,RTX 4090 24 GB,FP16,8192,26.75,no,0,
gemma-3-12b,Gemma 3 12B,rtx-4090,RTX 4090 24 GB,Q8_0,8192,14.82,fits,129024,55
gemma-3-12b,Gemma 3 12B,rtx-4090,RTX 4090 24 GB,Q6_K,8192,11.78,fits,131072,71
gemma-3-12b,Gemma 3 12B,rtx-4090,RTX 4090 24 GB,Q5_K_M,8192,10.38,fits,131072,81
gemma-3-12b,Gemma 3 12B,rtx-4090,RTX 4090 24 GB,Q4_K_M,8192,8.73,fits,131072,100
gemma-3-12b,Gemma 3 12B,rtx-4090,RTX 4090 24 GB,Q3_K_M,8192,7.34,fits,131072,123
gemma-3-12b,Gemma 3 12B,rtx-5090,RTX 5090 32 GB,FP16,8192,26.75,fits,63488,51
gemma-3-12b,Gemma 3 12B,rtx-5090,RTX 5090 32 GB,Q8_0,8192,14.82,fits,131072,97
gemma-3-12b,Gemma 3 12B,rtx-5090,RTX 5090 32 GB,Q6_K,8192,11.78,fits,131072,125
gemma-3-12b,Gemma 3 12B,rtx-5090,RTX 5090 32 GB,Q5_K_M,8192,10.38,fits,131072,145
gemma-3-12b,Gemma 3 12B,rtx-5090,RTX 5090 32 GB,Q4_K_M,8192,8.73,fits,131072,177
gemma-3-12b,Gemma 3 12B,rtx-5090,RTX 5090 32 GB,Q3_K_M,8192,7.34,fits,131072,219
gemma-3-12b,Gemma 3 12B,rtx-6000-ada,RTX 6000 Ada 48 GB,FP16,8192,26.75,fits,131072,28
gemma-3-12b,Gemma 3 12B,rtx-6000-ada,RTX 6000 Ada 48 GB,Q8_0,8192,14.82,fits,131072,52
gemma-3-12b,Gemma 3 12B,rtx-6000-ada,RTX 6000 Ada 48 GB,Q6_K,8192,11.78,fits,131072,67
gemma-3-12b,Gemma 3 12B,rtx-6000-ada,RTX 6000 Ada 48 GB,Q5_K_M,8192,10.38,fits,131072,78
gemma-3-12b,Gemma 3 12B,rtx-6000-ada,RTX 6000 Ada 48 GB,Q4_K_M,8192,8.73,fits,131072,95
gemma-3-12b,Gemma 3 12B,rtx-6000-ada,RTX 6000 Ada 48 GB,Q3_K_M,8192,7.34,fits,131072,117
gemma-3-12b,Gemma 3 12B,l40s,L40S 48 GB,FP16,8192,26.75,fits,131072,25
gemma-3-12b,Gemma 3 12B,l40s,L40S 48 GB,Q8_0,8192,14.82,fits,131072,47
gemma-3-12b,Gemma 3 12B,l40s,L40S 48 GB,Q6_K,8192,11.78,fits,131072,60
gemma-3-12b,Gemma 3 12B,l40s,L40S 48 GB,Q5_K_M,8192,10.38,fits,131072,70
gemma-3-12b,Gemma 3 12B,l40s,L40S 48 GB,Q4_K_M,8192,8.73,fits,131072,85
gemma-3-12b,Gemma 3 12B,l40s,L40S 48 GB,Q3_K_M,8192,7.34,fits,131072,105
gemma-3-12b,Gemma 3 12B,rtx-pro-6000,RTX PRO 6000 Blackwell 96 GB,FP16,8192,26.75,fits,131072,51
gemma-3-12b,Gemma 3 12B,rtx-pro-6000,RTX PRO 6000 Blackwell 96 GB,Q8_0,8192,14.82,fits,131072,97
gemma-3-12b,Gemma 3 12B,rtx-pro-6000,RTX PRO 6000 Blackwell 96 GB,Q6_K,8192,11.78,fits,131072,125
gemma-3-12b,Gemma 3 12B,rtx-pro-6000,RTX PRO 6000 Blackwell 96 GB,Q5_K_M,8192,10.38,fits,131072,145
gemma-3-12b,Gemma 3 12B,rtx-pro-6000,RTX PRO 6000 Blackwell 96 GB,Q4_K_M,8192,8.73,fits,131072,177
gemma-3-12b,Gemma 3 12B,rtx-pro-6000,RTX PRO 6000 Blackwell 96 GB,Q3_K_M,8192,7.34,fits,131072,219
gemma-3-12b,Gemma 3 12B,a100-80,A100 80 GB,FP16,8192,26.75,fits,131072,58
gemma-3-12b,Gemma 3 12B,a100-80,A100 80 GB,Q8_0,8192,14.82,fits,131072,110
gemma-3-12b,Gemma 3 12B,a100-80,A100 80 GB,Q6_K,8192,11.78,fits,131072,143
gemma-3-12b,Gemma 3 12B,a100-80,A100 80 GB,Q5_K_M,8192,10.38,fits,131072,165
gemma-3-12b,Gemma 3 12B,a100-80,A100 80 GB,Q4_K_M,8192,8.73,fits,131072,202
gemma-3-12b,Gemma 3 12B,a100-80,A100 80 GB,Q3_K_M,8192,7.34,fits,131072,249
gemma-3-12b,Gemma 3 12B,h100-sxm,H100 SXM 80 GB,FP16,8192,26.75,fits,131072,96
gemma-3-12b,Gemma 3 12B,h100-sxm,H100 SXM 80 GB,Q8_0,8192,14.82,fits,131072,181
gemma-3-12b,Gemma 3 12B,h100-sxm,H100 SXM 80 GB,Q6_K,8192,11.78,fits,131072,235
gemma-3-12b,Gemma 3 12B,h100-sxm,H100 SXM 80 GB,Q5_K_M,8192,10.38,fits,131072,271
gemma-3-12b,Gemma 3 12B,h100-sxm,H100 SXM 80 GB,Q4_K_M,8192,8.73,fits,131072,332
gemma-3-12b,Gemma 3 12B,h100-sxm,H100 SXM 80 GB,Q3_K_M,8192,7.34,fits,131072,409
gemma-3-12b,Gemma 3 12B,m2-ultra,Mac Studio M2 Ultra (unified),FP16,8192,26.75,fits,131072,23
gemma-3-12b,Gemma 3 12B,m2-ultra,Mac Studio M2 Ultra (unified),Q8_0,8192,14.82,fits,131072,43
gemma-3-12b,Gemma 3 12B,m2-ultra,Mac Studio M2 Ultra (unified),Q6_K,8192,11.78,fits,131072,56
gemma-3-12b,Gemma 3 12B,m2-ultra,Mac Studio M2 Ultra (unified),Q5_K_M,8192,10.38,fits,131072,65
gemma-3-12b,Gemma 3 12B,m2-ultra,Mac Studio M2 Ultra (unified),Q4_K_M,8192,8.73,fits,131072,79
gemma-3-12b,Gemma 3 12B,m2-ultra,Mac Studio M2 Ultra (unified),Q3_K_M,8192,7.34,fits,131072,98
gemma-3-12b,Gemma 3 12B,m4-max,MacBook Pro M4 Max (unified),FP16,8192,26.75,fits,131072,16
gemma-3-12b,Gemma 3 12B,m4-max,MacBook Pro M4 Max (unified),Q8_0,8192,14.82,fits,131072,30
gemma-3-12b,Gemma 3 12B,m4-max,MacBook Pro M4 Max (unified),Q6_K,8192,11.78,fits,131072,38
gemma-3-12b,Gemma 3 12B,m4-max,MacBook Pro M4 Max (unified),Q5_K_M,8192,10.38,fits,131072,44
gemma-3-12b,Gemma 3 12B,m4-max,MacBook Pro M4 Max (unified),Q4_K_M,8192,8.73,fits,131072,54
gemma-3-12b,Gemma 3 12B,m4-max,MacBook Pro M4 Max (unified),Q3_K_M,8192,7.34,fits,131072,67
ministral-3-14b,Ministral 3 14B,rtx-3060-12,RTX 3060 12 GB,FP16,8192,30.96,no,0,
ministral-3-14b,Ministral 3 14B,rtx-3060-12,RTX 3060 12 GB,Q8_0,8192,17.28,no,0,
ministral-3-14b,Ministral 3 14B,rtx-3060-12,RTX 3060 12 GB,Q6_K,8192,13.78,no,0,
ministral-3-14b,Ministral 3 14B,rtx-3060-12,RTX 3060 12 GB,Q5_K_M,8192,12.18,no,3072,25
ministral-3-14b,Ministral 3 14B,rtx-3060-12,RTX 3060 12 GB,Q4_K_M,8192,10.29,tight,14336,31
ministral-3-14b,Ministral 3 14B,rtx-3060-12,RTX 3060 12 GB,Q3_K_M,8192,8.69,fits,24576,38
ministral-3-14b,Ministral 3 14B,rtx-4060-ti-16,RTX 4060 Ti 16 GB,FP16,8192,30.96,no,0,
ministral-3-14b,Ministral 3 14B,rtx-4060-ti-16,RTX 4060 Ti 16 GB,Q8_0,8192,17.28,no,0,
ministral-3-14b,Ministral 3 14B,rtx-4060-ti-16,RTX 4060 Ti 16 GB,Q6_K,8192,13.78,tight,16384,18
ministral-3-14b,Ministral 3 14B,rtx-4060-ti-16,RTX 4060 Ti 16 GB,Q5_K_M,8192,12.18,fits,26624,20
ministral-3-14b,Ministral 3 14B,rtx-4060-ti-16,RTX 4060 Ti 16 GB,Q4_K_M,8192,10.29,fits,37888,25
ministral-3-14b,Ministral 3 14B,rtx-4060-ti-16,RTX 4060 Ti 16 GB,Q3_K_M,8192,8.69,fits,47104,31
ministral-3-14b,Ministral 3 14B,rtx-4070,RTX 4070 12 GB,FP16,8192,30.96,no,0,
ministral-3-14b,Ministral 3 14B,rtx-4070,RTX 4070 12 GB,Q8_0,8192,17.28,no,0,
ministral-3-14b,Ministral 3 14B,rtx-4070,RTX 4070 12 GB,Q6_K,8192,13.78,no,0,
ministral-3-14b,Ministral 3 14B,rtx-4070,RTX 4070 12 GB,Q5_K_M,8192,12.18,no,3072,35
ministral-3-14b,Ministral 3 14B,rtx-4070,RTX 4070 12 GB,Q4_K_M,8192,10.29,tight,14336,43
ministral-3-14b,Ministral 3 14B,rtx-4070,RTX 4070 12 GB,Q3_K_M,8192,8.69,fits,24576,54
ministral-3-14b,Ministral 3 14B,rtx-3090,RTX 3090 24 GB,FP16,8192,30.96,no,0,
ministral-3-14b,Ministral 3 14B,rtx-3090,RTX 3090 24 GB,Q8_0,8192,17.28,fits,40960,44
ministral-3-14b,Ministral 3 14B,rtx-3090,RTX 3090 24 GB,Q6_K,8192,13.78,fits,62464,57
ministral-3-14b,Ministral 3 14B,rtx-3090,RTX 3090 24 GB,Q5_K_M,8192,12.18,fits,72704,66
ministral-3-14b,Ministral 3 14B,rtx-3090,RTX 3090 24 GB,Q4_K_M,8192,10.29,fits,83968,81
ministral-3-14b,Ministral 3 14B,rtx-3090,RTX 3090 24 GB,Q3_K_M,8192,8.69,fits,94208,100
ministral-3-14b,Ministral 3 14B,rtx-4090,RTX 4090 24 GB,FP16,8192,30.96,no,0,
ministral-3-14b,Ministral 3 14B,rtx-4090,RTX 4090 24 GB,Q8_0,8192,17.28,fits,40960,48
ministral-3-14b,Ministral 3 14B,rtx-4090,RTX 4090 24 GB,Q6_K,8192,13.78,fits,62464,61
ministral-3-14b,Ministral 3 14B,rtx-4090,RTX 4090 24 GB,Q5_K_M,8192,12.18,fits,72704,71
ministral-3-14b,Ministral 3 14B,rtx-4090,RTX 4090 24 GB,Q4_K_M,8192,10.29,fits,83968,87
ministral-3-14b,Ministral 3 14B,rtx-4090,RTX 4090 24 GB,Q3_K_M,8192,8.69,fits,94208,107
ministral-3-14b,Ministral 3 14B,rtx-5090,RTX 5090 32 GB,FP16,8192,30.96,no,4096,45
ministral-3-14b,Ministral 3 14B,rtx-5090,RTX 5090 32 GB,Q8_0,8192,17.28,fits,88064,85
ministral-3-14b,Ministral 3 14B,rtx-5090,RTX 5090 32 GB,Q6_K,8192,13.78,fits,109568,109
ministral-3-14b,Ministral 3 14B,rtx-5090,RTX 5090 32 GB,Q5_K_M,8192,12.18,fits,118784,126
ministral-3-14b,Ministral 3 14B,rtx-5090,RTX 5090 32 GB,Q4_K_M,8192,10.29,fits,130048,154
ministral-3-14b,Ministral 3 14B,rtx-5090,RTX 5090 32 GB,Q3_K_M,8192,8.69,fits,131072,191
ministral-3-14b,Ministral 3 14B,rtx-6000-ada,RTX 6000 Ada 48 GB,FP16,8192,30.96,fits,97280,24
ministral-3-14b,Ministral 3 14B,rtx-6000-ada,RTX 6000 Ada 48 GB,Q8_0,8192,17.28,fits,131072,45
ministral-3-14b,Ministral 3 14B,rtx-6000-ada,RTX 6000 Ada 48 GB,Q6_K,8192,13.78,fits,131072,59
ministral-3-14b,Ministral 3 14B,rtx-6000-ada,RTX 6000 Ada 48 GB,Q5_K_M,8192,12.18,fits,131072,68
ministral-3-14b,Ministral 3 14B,rtx-6000-ada,RTX 6000 Ada 48 GB,Q4_K_M,8192,10.29,fits,131072,83
ministral-3-14b,Ministral 3 14B,rtx-6000-ada,RTX 6000 Ada 48 GB,Q3_K_M,8192,8.69,fits,131072,102
ministral-3-14b,Ministral 3 14B,l40s,L40S 48 GB,FP16,8192,30.96,fits,97280,22
ministral-3-14b,Ministral 3 14B,l40s,L40S 48 GB,Q8_0,8192,17.28,fits,131072,41
ministral-3-14b,Ministral 3 14B,l40s,L40S 48 GB,Q6_K,8192,13.78,fits,131072,53
ministral-3-14b,Ministral 3 14B,l40s,L40S 48 GB,Q5_K_M,8192,12.18,fits,131072,61
ministral-3-14b,Ministral 3 14B,l40s,L40S 48 GB,Q4_K_M,8192,10.29,fits,131072,74
ministral-3-14b,Ministral 3 14B,l40s,L40S 48 GB,Q3_K_M,8192,8.69,fits,131072,92
ministral-3-14b,Ministral 3 14B,rtx-pro-6000,RTX PRO 6000 Blackwell 96 GB,FP16,8192,30.96,fits,131072,45
ministral-3-14b,Ministral 3 14B,rtx-pro-6000,RTX PRO 6000 Blackwell 96 GB,Q8_0,8192,17.28,fits,131072,85
ministral-3-14b,Ministral 3 14B,rtx-pro-6000,RTX PRO 6000 Blackwell 96 GB,Q6_K,8192,13.78,fits,131072,109
ministral-3-14b,Ministral 3 14B,rtx-pro-6000,RTX PRO 6000 Blackwell 96 GB,Q5_K_M,8192,12.18,fits,131072,126
ministral-3-14b,Ministral 3 14B,rtx-pro-6000,RTX PRO 6000 Blackwell 96 GB,Q4_K_M,8192,10.29,fits,131072,154
ministral-3-14b,Ministral 3 14B,rtx-pro-6000,RTX PRO 6000 Blackwell 96 GB,Q3_K_M,8192,8.69,fits,131072,191
ministral-3-14b,Ministral 3 14B,a100-80,A100 80 GB,FP16,8192,30.96,fits,131072,51
ministral-3-14b,Ministral 3 14B,a100-80,A100 80 GB,Q8_0,8192,17.28,fits,131072,96
ministral-3-14b,Ministral 3 14B,a100-80,A100 80 GB,Q6_K,8192,13.78,fits,131072,124
ministral-3-14b,Ministral 3 14B,a100-80,A100 80 GB,Q5_K_M,8192,12.18,fits,131072,144
ministral-3-14b,Ministral 3 14B,a100-80,A100 80 GB,Q4_K_M,8192,10.29,fits,131072,176
ministral-3-14b,Ministral 3 14B,a100-80,A100 80 GB,Q3_K_M,8192,8.69,fits,131072,217
ministral-3-14b,Ministral 3 14B,h100-sxm,H100 SXM 80 GB,FP16,8192,30.96,fits,131072,84
ministral-3-14b,Ministral 3 14B,h100-sxm,H100 SXM 80 GB,Q8_0,8192,17.28,fits,131072,158
ministral-3-14b,Ministral 3 14B,h100-sxm,H100 SXM 80 GB,Q6_K,8192,13.78,fits,131072,204
ministral-3-14b,Ministral 3 14B,h100-sxm,H100 SXM 80 GB,Q5_K_M,8192,12.18,fits,131072,236
ministral-3-14b,Ministral 3 14B,h100-sxm,H100 SXM 80 GB,Q4_K_M,8192,10.29,fits,131072,289
ministral-3-14b,Ministral 3 14B,h100-sxm,H100 SXM 80 GB,Q3_K_M,8192,8.69,fits,131072,357
ministral-3-14b,Ministral 3 14B,m2-ultra,Mac Studio M2 Ultra (unified),FP16,8192,30.96,fits,131072,20
ministral-3-14b,Ministral 3 14B,m2-ultra,Mac Studio M2 Ultra (unified),Q8_0,8192,17.28,fits,131072,38
ministral-3-14b,Ministral 3 14B,m2-ultra,Mac Studio M2 Ultra (unified),Q6_K,8192,13.78,fits,131072,49
ministral-3-14b,Ministral 3 14B,m2-ultra,Mac Studio M2 Ultra (unified),Q5_K_M,8192,12.18,fits,131072,56
ministral-3-14b,Ministral 3 14B,m2-ultra,Mac Studio M2 Ultra (unified),Q4_K_M,8192,10.29,fits,131072,69
ministral-3-14b,Ministral 3 14B,m2-ultra,Mac Studio M2 Ultra (unified),Q3_K_M,8192,8.69,fits,131072,85
ministral-3-14b,Ministral 3 14B,m4-max,MacBook Pro M4 Max (unified),FP16,8192,30.96,fits,131072,14
ministral-3-14b,Ministral 3 14B,m4-max,MacBook Pro M4 Max (unified),Q8_0,8192,17.28,fits,131072,26
ministral-3-14b,Ministral 3 14B,m4-max,MacBook Pro M4 Max (unified),Q6_K,8192,13.78,fits,131072,33
ministral-3-14b,Ministral 3 14B,m4-max,MacBook Pro M4 Max (unified),Q5_K_M,8192,12.18,fits,131072,38
ministral-3-14b,Ministral 3 14B,m4-max,MacBook Pro M4 Max (unified),Q4_K_M,8192,10.29,fits,131072,47
ministral-3-14b,Ministral 3 14B,m4-max,MacBook Pro M4 Max (unified),Q3_K_M,8192,8.69,fits,131072,58
qwen3-14b,Qwen3 14B,rtx-3060-12,RTX 3060 12 GB,FP16,8192,32.63,no,0,
qwen3-14b,Qwen3 14B,rtx-3060-12,RTX 3060 12 GB,Q8_0,8192,18.16,no,0,
qwen3-14b,Qwen3 14B,rtx-3060-12,RTX 3060 12 GB,Q6_K,8192,14.46,no,0,
qwen3-14b,Qwen3 14B,rtx-3060-12,RTX 3060 12 GB,Q5_K_M,8192,12.77,no,0,
qwen3-14b,Qwen3 14B,rtx-3060-12,RTX 3060 12 GB,Q4_K_M,8192,10.77,tight,11264,29
qwen3-14b,Qwen3 14B,rtx-3060-12,RTX 3060 12 GB,Q3_K_M,8192,9.08,fits,21504,36
qwen3-14b,Qwen3 14B,rtx-4060-ti-16,RTX 4060 Ti 16 GB,FP16,8192,32.63,no,0,
qwen3-14b,Qwen3 14B,rtx-4060-ti-16,RTX 4060 Ti 16 GB,Q8_0,8192,18.16,no,0,
qwen3-14b,Qwen3 14B,rtx-4060-ti-16,RTX 4060 Ti 16 GB,Q6_K,8192,14.46,tight,12288,17
qwen3-14b,Qwen3 14B,rtx-4060-ti-16,RTX 4060 Ti 16 GB,Q5_K_M,8192,12.77,fits,22528,19
qwen3-14b,Qwen3 14B,rtx-4060-ti-16,RTX 4060 Ti 16 GB,Q4_K_M,8192,10.77,fits,34816,23
qwen3-14b,Qwen3 14B,rtx-4060-ti-16,RTX 4060 Ti 16 GB,Q3_K_M,8192,9.08,fits,40960,29
qwen3-14b,Qwen3 14B,rtx-4070,RTX 4070 12 GB,FP16,8192,32.63,no,0,
qwen3-14b,Qwen3 14B,rtx-4070,RTX 4070 12 GB,Q8_0,8192,18.16,no,0,
qwen3-14b,Qwen3 14B,rtx-4070,RTX 4070 12 GB,Q6_K,8192,14.46,no,0,
qwen3-14b,Qwen3 14B,rtx-4070,RTX 4070 12 GB,Q5_K_M,8192,12.77,no,0,
qwen3-14b,Qwen3 14B,rtx-4070,RTX 4070 12 GB,Q4_K_M,8192,10.77,tight,11264,41
qwen3-14b,Qwen3 14B,rtx-4070,RTX 4070 12 GB,Q3_K_M,8192,9.08,fits,21504,51
qwen3-14b,Qwen3 14B,rtx-3090,RTX 3090 24 GB,FP16,8192,32.63,no,0,
qwen3-14b,Qwen3 14B,rtx-3090,RTX 3090 24 GB,Q8_0,8192,18.16,fits,35840,42
qwen3-14b,Qwen3 14B,rtx-3090,RTX 3090 24 GB,Q6_K,8192,14.46,fits,40960,54
qwen3-14b,Qwen3 14B,rtx-3090,RTX 3090 24 GB,Q5_K_M,8192,12.77,fits,40960,62
qwen3-14b,Qwen3 14B,rtx-3090,RTX 3090 24 GB,Q4_K_M,8192,10.77,fits,40960,76
qwen3-14b,Qwen3 14B,rtx-3090,RTX 3090 24 GB,Q3_K_M,8192,9.08,fits,40960,94
qwen3-14b,Qwen3 14B,rtx-4090,RTX 4090 24 GB,FP16,8192,32.63,no,0,
qwen3-14b,Qwen3 14B,rtx-4090,RTX 4090 24 GB,Q8_0,8192,18.16,fits,35840,45
qwen3-14b,Qwen3 14B,rtx-4090,RTX 4090 24 GB,Q6_K,8192,14.46,fits,40960,58
qwen3-14b,Qwen3 14B,rtx-4090,RTX 4090 24 GB,Q5_K_M,8192,12.77,fits,40960,67
qwen3-14b,Qwen3 14B,rtx-4090,RTX 4090 24 GB,Q4_K_M,8192,10.77,fits,40960,82
qwen3-14b,Qwen3 14B,rtx-4090,RTX 4090 24 GB,Q3_K_M,8192,9.08,fits,40960,101
qwen3-14b,Qwen3 14B,rtx-5090,RTX 5090 32 GB,FP16,8192,32.63,no,0,
qwen3-14b,Qwen3 14B,rtx-5090,RTX 5090 32 GB,Q8_0,8192,18.16,fits,40960,80
qwen3-14b,Qwen3 14B,rtx-5090,RTX 5090 32 GB,Q6_K,8192,14.46,fits,40960,103
qwen3-14b,Qwen3 14B,rtx-5090,RTX 5090 32 GB,Q5_K_M,8192,12.77,fits,40960,119
qwen3-14b,Qwen3 14B,rtx-5090,RTX 5090 32 GB,Q4_K_M,8192,10.77,fits,40960,146
qwen3-14b,Qwen3 14B,rtx-5090,RTX 5090 32 GB,Q3_K_M,8192,9.08,fits,40960,180
qwen3-14b,Qwen3 14B,rtx-6000-ada,RTX 6000 Ada 48 GB,FP16,8192,32.63,fits,40960,23
qwen3-14b,Qwen3 14B,rtx-6000-ada,RTX 6000 Ada 48 GB,Q8_0,8192,18.16,fits,40960,43
qwen3-14b,Qwen3 14B,rtx-6000-ada,RTX 6000 Ada 48 GB,Q6_K,8192,14.46,fits,40960,55
qwen3-14b,Qwen3 14B,rtx-6000-ada,RTX 6000 Ada 48 GB,Q5_K_M,8192,12.77,fits,40960,64
qwen3-14b,Qwen3 14B,rtx-6000-ada,RTX 6000 Ada 48 GB,Q4_K_M,8192,10.77,fits,40960,78
qwen3-14b,Qwen3 14B,rtx-6000-ada,RTX 6000 Ada 48 GB,Q3_K_M,8192,9.08,fits,40960,97
qwen3-14b,Qwen3 14B,l40s,L40S 48 GB,FP16,8192,32.63,fits,40960,20
qwen3-14b,Qwen3 14B,l40s,L40S 48 GB,Q8_0,8192,18.16,fits,40960,39
qwen3-14b,Qwen3 14B,l40s,L40S 48 GB,Q6_K,8192,14.46,fits,40960,50
qwen3-14b,Qwen3 14B,l40s,L40S 48 GB,Q5_K_M,8192,12.77,fits,40960,58
qwen3-14b,Qwen3 14B,l40s,L40S 48 GB,Q4_K_M,8192,10.77,fits,40960,70
qwen3-14b,Qwen3 14B,l40s,L40S 48 GB,Q3_K_M,8192,9.08,fits,40960,87
qwen3-14b,Qwen3 14B,rtx-pro-6000,RTX PRO 6000 Blackwell 96 GB,FP16,8192,32.63,fits,40960,42
qwen3-14b,Qwen3 14B,rtx-pro-6000,RTX PRO 6000 Blackwell 96 GB,Q8_0,8192,18.16,fits,40960,80
qwen3-14b,Qwen3 14B,rtx-pro-6000,RTX PRO 6000 Blackwell 96 GB,Q6_K,8192,14.46,fits,40960,103
qwen3-14b,Qwen3 14B,rtx-pro-6000,RTX PRO 6000 Blackwell 96 GB,Q5_K_M,8192,12.77,fits,40960,119
qwen3-14b,Qwen3 14B,rtx-pro-6000,RTX PRO 6000 Blackwell 96 GB,Q4_K_M,8192,10.77,fits,40960,146
qwen3-14b,Qwen3 14B,rtx-pro-6000,RTX PRO 6000 Blackwell 96 GB,Q3_K_M,8192,9.08,fits,40960,180
qwen3-14b,Qwen3 14B,a100-80,A100 80 GB,FP16,8192,32.63,fits,40960,48
qwen3-14b,Qwen3 14B,a100-80,A100 80 GB,Q8_0,8192,18.16,fits,40960,91
qwen3-14b,Qwen3 14B,a100-80,A100 80 GB,Q6_K,8192,14.46,fits,40960,118
qwen3-14b,Qwen3 14B,a100-80,A100 80 GB,Q5_K_M,8192,12.77,fits,40960,136
qwen3-14b,Qwen3 14B,a100-80,A100 80 GB,Q4_K_M,8192,10.77,fits,40960,166
qwen3-14b,Qwen3 14B,a100-80,A100 80 GB,Q3_K_M,8192,9.08,fits,40960,205
qwen3-14b,Qwen3 14B,h100-sxm,H100 SXM 80 GB,FP16,8192,32.63,fits,40960,79
qwen3-14b,Qwen3 14B,h100-sxm,H100 SXM 80 GB,Q8_0,8192,18.16,fits,40960,150
qwen3-14b,Qwen3 14B,h100-sxm,H100 SXM 80 GB,Q6_K,8192,14.46,fits,40960,193
qwen3-14b,Qwen3 14B,h100-sxm,H100 SXM 80 GB,Q5_K_M,8192,12.77,fits,40960,223
qwen3-14b,Qwen3 14B,h100-sxm,H100 SXM 80 GB,Q4_K_M,8192,10.77,fits,40960,273
qwen3-14b,Qwen3 14B,h100-sxm,H100 SXM 80 GB,Q3_K_M,8192,9.08,fits,40960,337
qwen3-14b,Qwen3 14B,m2-ultra,Mac Studio M2 Ultra (unified),FP16,8192,32.63,fits,40960,19
qwen3-14b,Qwen3 14B,m2-ultra,Mac Studio M2 Ultra (unified),Q8_0,8192,18.16,fits,40960,36
qwen3-14b,Qwen3 14B,m2-ultra,Mac Studio M2 Ultra (unified),Q6_K,8192,14.46,fits,40960,46
qwen3-14b,Qwen3 14B,m2-ultra,Mac Studio M2 Ultra (unified),Q5_K_M,8192,12.77,fits,40960,53
qwen3-14b,Qwen3 14B,m2-ultra,Mac Studio M2 Ultra (unified),Q4_K_M,8192,10.77,fits,40960,65
qwen3-14b,Qwen3 14B,m2-ultra,Mac Studio M2 Ultra (unified),Q3_K_M,8192,9.08,fits,40960,81
qwen3-14b,Qwen3 14B,m4-max,MacBook Pro M4 Max (unified),FP16,8192,32.63,fits,40960,13
qwen3-14b,Qwen3 14B,m4-max,MacBook Pro M4 Max (unified),Q8_0,8192,18.16,fits,40960,24
qwen3-14b,Qwen3 14B,m4-max,MacBook Pro M4 Max (unified),Q6_K,8192,14.46,fits,40960,31
qwen3-14b,Qwen3 14B,m4-max,MacBook Pro M4 Max (unified),Q5_K_M,8192,12.77,fits,40960,36
qwen3-14b,Qwen3 14B,m4-max,MacBook Pro M4 Max (unified),Q4_K_M,8192,10.77,fits,40960,45
qwen3-14b,Qwen3 14B,m4-max,MacBook Pro M4 Max (unified),Q3_K_M,8192,9.08,fits,40960,55
phi-4,Phi-4 14B,rtx-3060-12,RTX 3060 12 GB,FP16,8192,32.75,no,0,
phi-4,Phi-4 14B,rtx-3060-12,RTX 3060 12 GB,Q8_0,8192,18.38,no,0,
phi-4,Phi-4 14B,rtx-3060-12,RTX 3060 12 GB,Q6_K,8192,14.71,no,0,
phi-4,Phi-4 14B,rtx-3060-12,RTX 3060 12 GB,Q5_K_M,8192,13.03,no,0,
phi-4,Phi-4 14B,rtx-3060-12,RTX 3060 12 GB,Q4_K_M,8192,11.04,tight,9216,30
phi-4,Phi-4 14B,rtx-3060-12,RTX 3060 12 GB,Q3_K_M,8192,9.36,fits,16384,36
phi-4,Phi-4 14B,rtx-4060-ti-16,RTX 4060 Ti 16 GB,FP16,8192,32.75,no,0,
phi-4,Phi-4 14B,rtx-4060-ti-16,RTX 4060 Ti 16 GB,Q8_0,8192,18.38,no,0,
phi-4,Phi-4 14B,rtx-4060-ti-16,RTX 4060 Ti 16 GB,Q6_K,8192,14.71,tight,10240,17
phi-4,Phi-4 14B,rtx-4060-ti-16,RTX 4060 Ti 16 GB,Q5_K_M,8192,13.03,fits,16384,19
phi-4,Phi-4 14B,rtx-4060-ti-16,RTX 4060 Ti 16 GB,Q4_K_M,8192,11.04,fits,16384,24
phi-4,Phi-4 14B,rtx-4060-ti-16,RTX 4060 Ti 16 GB,Q3_K_M,8192,9.36,fits,16384,29
phi-4,Phi-4 14B,rtx-4070,RTX 4070 12 GB,FP16,8192,32.75,no,0,
phi-4,Phi-4 14B,rtx-4070,RTX 4070 12 GB,Q8_0,8192,18.38,no,0,
phi-4,Phi-4 14B,rtx-4070,RTX 4070 12 GB,Q6_K,8192,14.71,no,0,
phi-4,Phi-4 14B,rtx-4070,RTX 4070 12 GB,Q5_K_M,8192,13.03,no,0,
phi-4,Phi-4 14B,rtx-4070,RTX 4070 12 GB,Q4_K_M,8192,11.04,tight,9216,41
phi-4,Phi-4 14B,rtx-4070,RTX 4070 12 GB,Q3_K_M,8192,9.36,fits,16384,51
phi-4,Phi-4 14B,rtx-3090,RTX 3090 24 GB,FP16,8192,32.75,no,0,
phi-4,Phi-4 14B,rtx-3090,RTX 3090 24 GB,Q8_0,8192,18.38,fits,16384,42
phi-4,Phi-4 14B,rtx-3090,RTX 3090 24 GB,Q6_K,8192,14.71,fits,16384,54
phi-4,Phi-4 14B,rtx-3090,RTX 3090 24 GB,Q5_K_M,8192,13.03,fits,16384,63
phi-4,Phi-4 14B,rtx-3090,RTX 3090 24 GB,Q4_K_M,8192,11.04,fits,16384,77
phi-4,Phi-4 14B,rtx-3090,RTX 3090 24 GB,Q3_K_M,8192,9.36,fits,16384,95
phi-4,Phi-4 14B,rtx-4090,RTX 4090 24 GB,FP16,8192,32.75,no,0,
phi-4,Phi-4 14B,rtx-4090,RTX 4090 24 GB,Q8_0,8192,18.38,fits,16384,45
phi-4,Phi-4 14B,rtx-4090,RTX 4090 24 GB,Q6_K,8192,14.71,fits,16384,59
phi-4,Phi-4 14B,rtx-4090,RTX 4090 24 GB,Q5_K_M,8192,13.03,fits,16384,68
phi-4,Phi-4 14B,rtx-4090,RTX 4090 24 GB,Q4_K_M,8192,11.04,fits,16384,83
phi-4,Phi-4 14B,rtx-4090,RTX 4090 24 GB,Q3_K_M,8192,9.36,fits,16384,102
phi-4,Phi-4 14B,rtx-5090,RTX 5090 32 GB,FP16,8192,32.75,no,0,
phi-4,Phi-4 14B,rtx-5090,RTX 5090 32 GB,Q8_0,8192,18.38,fits,16384,81
phi-4,Phi-4 14B,rtx-5090,RTX 5090 32 GB,Q6_K,8192,14.71,fits,16384,104
phi-4,Phi-4 14B,rtx-5090,RTX 5090 32 GB,Q5_K_M,8192,13.03,fits,16384,120
phi-4,Phi-4 14B,rtx-5090,RTX 5090 32 GB,Q4_K_M,8192,11.04,fits,16384,147
phi-4,Phi-4 14B,rtx-5090,RTX 5090 32 GB,Q3_K_M,8192,9.36,fits,16384,182
phi-4,Phi-4 14B,rtx-6000-ada,RTX 6000 Ada 48 GB,FP16,8192,32.75,fits,16384,23
phi-4,Phi-4 14B,rtx-6000-ada,RTX 6000 Ada 48 GB,Q8_0,8192,18.38,fits,16384,43
phi-4,Phi-4 14B,rtx-6000-ada,RTX 6000 Ada 48 GB,Q6_K,8192,14.71,fits,16384,56
phi-4,Phi-4 14B,rtx-6000-ada,RTX 6000 Ada 48 GB,Q5_K_M,8192,13.03,fits,16384,64
phi-4,Phi-4 14B,rtx-6000-ada,RTX 6000 Ada 48 GB,Q4_K_M,8192,11.04,fits,16384,79
phi-4,Phi-4 14B,rtx-6000-ada,RTX 6000 Ada 48 GB,Q3_K_M,8192,9.36,fits,16384,97
phi-4,Phi-4 14B,l40s,L40S 48 GB,FP16,8192,32.75,fits,16384,21
phi-4,Phi-4 14B,l40s,L40S 48 GB,Q8_0,8192,18.38,fits,16384,39
phi-4,Phi-4 14B,l40s,L40S 48 GB,Q6_K,8192,14.71,fits,16384,50
phi-4,Phi-4 14B,l40s,L40S 48 GB,Q5_K_M,8192,13.03,fits,16384,58
phi-4,Phi-4 14B,l40s,L40S 48 GB,Q4_K_M,8192,11.04,fits,16384,71
phi-4,Phi-4 14B,l40s,L40S 48 GB,Q3_K_M,8192,9.36,fits,16384,88
phi-4,Phi-4 14B,rtx-pro-6000,RTX PRO 6000 Blackwell 96 GB,FP16,8192,32.75,fits,16384,43
phi-4,Phi-4 14B,rtx-pro-6000,RTX PRO 6000 Blackwell 96 GB,Q8_0,8192,18.38,fits,16384,81
phi-4,Phi-4 14B,rtx-pro-6000,RTX PRO 6000 Blackwell 96 GB,Q6_K,8192,14.71,fits,16384,104
phi-4,Phi-4 14B,rtx-pro-6000,RTX PRO 6000 Blackwell 96 GB,Q5_K_M,8192,13.03,fits,16384,120
phi-4,Phi-4 14B,rtx-pro-6000,RTX PRO 6000 Blackwell 96 GB,Q4_K_M,8192,11.04,fits,16384,147
phi-4,Phi-4 14B,rtx-pro-6000,RTX PRO 6000 Blackwell 96 GB,Q3_K_M,8192,9.36,fits,16384,182
phi-4,Phi-4 14B,a100-80,A100 80 GB,FP16,8192,32.75,fits,16384,49
phi-4,Phi-4 14B,a100-80,A100 80 GB,Q8_0,8192,18.38,fits,16384,92
phi-4,Phi-4 14B,a100-80,A100 80 GB,Q6_K,8192,14.71,fits,16384,118
phi-4,Phi-4 14B,a100-80,A100 80 GB,Q5_K_M,8192,13.03,fits,16384,137
phi-4,Phi-4 14B,a100-80,A100 80 GB,Q4_K_M,8192,11.04,fits,16384,167
phi-4,Phi-4 14B,a100-80,A100 80 GB,Q3_K_M,8192,9.36,fits,16384,207
phi-4,Phi-4 14B,h100-sxm,H100 SXM 80 GB,FP16,8192,32.75,fits,16384,80
phi-4,Phi-4 14B,h100-sxm,H100 SXM 80 GB,Q8_0,8192,18.38,fits,16384,151
phi-4,Phi-4 14B,h100-sxm,H100 SXM 80 GB,Q6_K,8192,14.71,fits,16384,195
phi-4,Phi-4 14B,h100-sxm,H100 SXM 80 GB,Q5_K_M,8192,13.03,fits,16384,225
phi-4,Phi-4 14B,h100-sxm,H100 SXM 80 GB,Q4_K_M,8192,11.04,fits,16384,275
phi-4,Phi-4 14B,h100-sxm,H100 SXM 80 GB,Q3_K_M,8192,9.36,fits,16384,340
phi-4,Phi-4 14B,m2-ultra,Mac Studio M2 Ultra (unified),FP16,8192,32.75,fits,16384,19
phi-4,Phi-4 14B,m2-ultra,Mac Studio M2 Ultra (unified),Q8_0,8192,18.38,fits,16384,36
phi-4,Phi-4 14B,m2-ultra,Mac Studio M2 Ultra (unified),Q6_K,8192,14.71,fits,16384,46
phi-4,Phi-4 14B,m2-ultra,Mac Studio M2 Ultra (unified),Q5_K_M,8192,13.03,fits,16384,54
phi-4,Phi-4 14B,m2-ultra,Mac Studio M2 Ultra (unified),Q4_K_M,8192,11.04,fits,16384,66
phi-4,Phi-4 14B,m2-ultra,Mac Studio M2 Ultra (unified),Q3_K_M,8192,9.36,fits,16384,81
phi-4,Phi-4 14B,m4-max,MacBook Pro M4 Max (unified),FP16,8192,32.75,fits,16384,13
phi-4,Phi-4 14B,m4-max,MacBook Pro M4 Max (unified),Q8_0,8192,18.38,fits,16384,25
phi-4,Phi-4 14B,m4-max,MacBook Pro M4 Max (unified),Q6_K,8192,14.71,fits,16384,32
phi-4,Phi-4 14B,m4-max,MacBook Pro M4 Max (unified),Q5_K_M,8192,13.03,fits,16384,37
phi-4,Phi-4 14B,m4-max,MacBook Pro M4 Max (unified),Q4_K_M,8192,11.04,fits,16384,45
phi-4,Phi-4 14B,m4-max,MacBook Pro M4 Max (unified),Q3_K_M,8192,9.36,fits,16384,55
gpt-oss-20b,gpt-oss 20B,rtx-3060-12,RTX 3060 12 GB,FP16,8192,44.38,no,0,
gpt-oss-20b,gpt-oss 20B,rtx-3060-12,RTX 3060 12 GB,Q8_0,8192,23.85,no,0,
gpt-oss-20b,gpt-oss 20B,rtx-3060-12,RTX 3060 12 GB,Q6_K,8192,18.61,no,0,
gpt-oss-20b,gpt-oss 20B,rtx-3060-12,RTX 3060 12 GB,Q5_K_M,8192,16.21,no,0,
gpt-oss-20b,gpt-oss 20B,rtx-3060-12,RTX 3060 12 GB,Q4_K_M,8192,13.37,no,0,
gpt-oss-20b,gpt-oss 20B,rtx-3060-12,RTX 3060 12 GB,Q3_K_M,8192,10.97,tight,25600,149
gpt-oss-20b,gpt-oss 20B,rtx-4060-ti-16,RTX 4060 Ti 16 GB,FP16,8192,44.38,no,0,
gpt-oss-20b,gpt-oss 20B,rtx-4060-ti-16,RTX 4060 Ti 16 GB,Q8_0,8192,23.85,no,0,
gpt-oss-20b,gpt-oss 20B,rtx-4060-ti-16,RTX 4060 Ti 16 GB,Q6_K,8192,18.61,no,0,
gpt-oss-20b,gpt-oss 20B,rtx-4060-ti-16,RTX 4060 Ti 16 GB,Q5_K_M,8192,16.21,no,0,
gpt-oss-20b,gpt-oss 20B,rtx-4060-ti-16,RTX 4060 Ti 16 GB,Q4_K_M,8192,13.37,fits,81920,97
gpt-oss-20b,gpt-oss 20B,rtx-4060-ti-16,RTX 4060 Ti 16 GB,Q3_K_M,8192,10.97,fits,131072,119
gpt-oss-20b,gpt-oss 20B,rtx-4070,RTX 4070 12 GB,FP16,8192,44.38,no,0,
gpt-oss-20b,gpt-oss 20B,rtx-4070,RTX 4070 12 GB,Q8_0,8192,23.85,no,0,
gpt-oss-20b,gpt-oss 20B,rtx-4070,RTX 4070 12 GB,Q6_K,8192,18.61,no,0,
gpt-oss-20b,gpt-oss 20B,rtx-4070,RTX 4070 12 GB,Q5_K_M,8192,16.21,no,0,
gpt-oss-20b,gpt-oss 20B,rtx-4070,RTX 4070 12 GB,Q4_K_M,8192,13.37,no,0,
gpt-oss-20b,gpt-oss 20B,rtx-4070,RTX 4070 12 GB,Q3_K_M,8192,10.97,tight,25600,209
gpt-oss-20b,gpt-oss 20B,rtx-3090,RTX 3090 24 GB,FP16,8192,44.38,no,0,
gpt-oss-20b,gpt-oss 20B,rtx-3090,RTX 3090 24 GB,Q8_0,8192,23.85,no,0,
gpt-oss-20b,gpt-oss 20B,rtx-3090,RTX 3090 24 GB,Q6_K,8192,18.61,fits,131072,222
gpt-oss-20b,gpt-oss 20B,rtx-3090,RTX 3090 24 GB,Q5_K_M,8192,16.21,fits,131072,256
gpt-oss-20b,gpt-oss 20B,rtx-3090,RTX 3090 24 GB,Q4_K_M,8192,13.37,fits,131072,314
gpt-oss-20b,gpt-oss 20B,rtx-3090,RTX 3090 24 GB,Q3_K_M,8192,10.97,fits,131072,387
gpt-oss-20b,gpt-oss 20B,rtx-4090,RTX 4090 24 GB,FP16,8192,44.38,no,0,
gpt-oss-20b,gpt-oss 20B,rtx-4090,RTX 4090 24 GB,Q8_0,8192,23.85,no,0,
gpt-oss-20b,gpt-oss 20B,rtx-4090,RTX 4090 24 GB,Q6_K,8192,18.61,fits,131072,239
gpt-oss-20b,gpt-oss 20B,rtx-4090,RTX 4090 24 GB,Q5_K_M,8192,16.21,fits,131072,276
gpt-oss-20b,gpt-oss 20B,rtx-4090,RTX 4090 24 GB,Q4_K_M,8192,13.37,fits,131072,338
gpt-oss-20b,gpt-oss 20B,rtx-4090,RTX 4090 24 GB,Q3_K_M,8192,10.97,fits,131072,417
gpt-oss-20b,gpt-oss 20B,rtx-5090,RTX 5090 32 GB,FP16,8192,44.38,no,0,
gpt-oss-20b,gpt-oss 20B,rtx-5090,RTX 5090 32 GB,Q8_0,8192,23.85,fits,131072,329
gpt-oss-20b,gpt-oss 20B,rtx-5090,RTX 5090 32 GB,Q6_K,8192,18.61,fits,131072,425
gpt-oss-20b,gpt-oss 20B,rtx-5090,RTX 5090 32 GB,Q5_K_M,8192,16.21,fits,131072,491
gpt-oss-20b,gpt-oss 20B,rtx-5090,RTX 5090 32 GB,Q4_K_M,8192,13.37,fits,131072,601
gpt-oss-20b,gpt-oss 20B,rtx-5090,RTX 5090 32 GB,Q3_K_M,8192,10.97,fits,131072,741
gpt-oss-20b,gpt-oss 20B,rtx-6000-ada,RTX 6000 Ada 48 GB,FP16,8192,44.38,tight,57344,93
gpt-oss-20b,gpt-oss 20B,rtx-6000-ada,RTX 6000 Ada 48 GB,Q8_0,8192,23.85,fits,131072,176
gpt-oss-20b,gpt-oss 20B,rtx-6000-ada,RTX 6000 Ada 48 GB,Q6_K,8192,18.61,fits,131072,228
gpt-oss-20b,gpt-oss 20B,rtx-6000-ada,RTX 6000 Ada 48 GB,Q5_K_M,8192,16.21,fits,131072,263
gpt-oss-20b,gpt-oss 20B,rtx-6000-ada,RTX 6000 Ada 48 GB,Q4_K_M,8192,13.37,fits,131072,322
gpt-oss-20b,gpt-oss 20B,rtx-6000-ada,RTX 6000 Ada 48 GB,Q3_K_M,8192,10.97,fits,131072,397
gpt-oss-20b,gpt-oss 20B,l40s,L40S 48 GB,FP16,8192,44.38,tight,57344,84
gpt-oss-20b,gpt-oss 20B,l40s,L40S 48 GB,Q8_0,8192,23.85,fits,131072,158
gpt-oss-20b,gpt-oss 20B,l40s,L40S 48 GB,Q6_K,8192,18.61,fits,131072,205
gpt-oss-20b,gpt-oss 20B,l40s,L40S 48 GB,Q5_K_M,8192,16.21,fits,131072,237
gpt-oss-20b,gpt-oss 20B,l40s,L40S 48 GB,Q4_K_M,8192,13.37,fits,131072,290
gpt-oss-20b,gpt-oss 20B,l40s,L40S 48 GB,Q3_K_M,8192,10.97,fits,131072,357
gpt-oss-20b,gpt-oss 20B,rtx-pro-6000,RTX PRO 6000 Blackwell 96 GB,FP16,8192,44.38,fits,131072,174
gpt-oss-20b,gpt-oss 20B,rtx-pro-6000,RTX PRO 6000 Blackwell 96 GB,Q8_0,8192,23.85,fits,131072,329
gpt-oss-20b,gpt-oss 20B,rtx-pro-6000,RTX PRO 6000 Blackwell 96 GB,Q6_K,8192,18.61,fits,131072,425
gpt-oss-20b,gpt-oss 20B,rtx-pro-6000,RTX PRO 6000 Blackwell 96 GB,Q5_K_M,8192,16.21,fits,131072,491
gpt-oss-20b,gpt-oss 20B,rtx-pro-6000,RTX PRO 6000 Blackwell 96 GB,Q4_K_M,8192,13.37,fits,131072,601
gpt-oss-20b,gpt-oss 20B,rtx-pro-6000,RTX PRO 6000 Blackwell 96 GB,Q3_K_M,8192,10.97,fits,131072,741
gpt-oss-20b,gpt-oss 20B,a100-80,A100 80 GB,FP16,8192,44.38,fits,131072,198
gpt-oss-20b,gpt-oss 20B,a100-80,A100 80 GB,Q8_0,8192,23.85,fits,131072,374
gpt-oss-20b,gpt-oss 20B,a100-80,A100 80 GB,Q6_K,8192,18.61,fits,131072,484
gpt-oss-20b,gpt-oss 20B,a100-80,A100 80 GB,Q5_K_M,8192,16.21,fits,131072,558
gpt-oss-20b,gpt-oss 20B,a100-80,A100 80 GB,Q4_K_M,8192,13.37,fits,131072,684
gpt-oss-20b,gpt-oss 20B,a100-80,A100 80 GB,Q3_K_M,8192,10.97,fits,131072,844
gpt-oss-20b,gpt-oss 20B,h100-sxm,H100 SXM 80 GB,FP16,8192,44.38,fits,131072,326
gpt-oss-20b,gpt-oss 20B,h100-sxm,H100 SXM 80 GB,Q8_0,8192,23.85,fits,131072,615
gpt-oss-20b,gpt-oss 20B,h100-sxm,H100 SXM 80 GB,Q6_K,8192,18.61,fits,131072,795
gpt-oss-20b,gpt-oss 20B,h100-sxm,H100 SXM 80 GB,Q5_K_M,8192,16.21,fits,131072,918
gpt-oss-20b,gpt-oss 20B,h100-sxm,H100 SXM 80 GB,Q4_K_M,8192,13.37,fits,131072,1124
gpt-oss-20b,gpt-oss 20B,h100-sxm,H100 SXM 80 GB,Q3_K_M,8192,10.97,fits,131072,1387
gpt-oss-20b,gpt-oss 20B,m2-ultra,Mac Studio M2 Ultra (unified),FP16,8192,44.38,fits,131072,78
gpt-oss-20b,gpt-oss 20B,m2-ultra,Mac Studio M2 Ultra (unified),Q8_0,8192,23.85,fits,131072,147
gpt-oss-20b,gpt-oss 20B,m2-ultra,Mac Studio M2 Ultra (unified),Q6_K,8192,18.61,fits,131072,190
gpt-oss-20b,gpt-oss 20B,m2-ultra,Mac Studio M2 Ultra (unified),Q5_K_M,8192,16.21,fits,131072,219
gpt-oss-20b,gpt-oss 20B,m2-ultra,Mac Studio M2 Ultra (unified),Q4_K_M,8192,13.37,fits,131072,268
gpt-oss-20b,gpt-oss 20B,m2-ultra,Mac Studio M2 Ultra (unified),Q3_K_M,8192,10.97,fits,131072,331
gpt-oss-20b,gpt-oss 20B,m4-max,MacBook Pro M4 Max (unified),FP16,8192,44.38,fits,131072,53
gpt-oss-20b,gpt-oss 20B,m4-max,MacBook Pro M4 Max (unified),Q8_0,8192,23.85,fits,131072,100
gpt-oss-20b,gpt-oss 20B,m4-max,MacBook Pro M4 Max (unified),Q6_K,8192,18.61,fits,131072,129
gpt-oss-20b,gpt-oss 20B,m4-max,MacBook Pro M4 Max (unified),Q5_K_M,8192,16.21,fits,131072,150
gpt-oss-20b,gpt-oss 20B,m4-max,MacBook Pro M4 Max (unified),Q4_K_M,8192,13.37,fits,131072,183
gpt-oss-20b,gpt-oss 20B,m4-max,MacBook Pro M4 Max (unified),Q3_K_M,8192,10.97,fits,131072,226
devstral-small-2-24b,Devstral Small 2 24B,rtx-3060-12,RTX 3060 12 GB,FP16,8192,51.76,no,0,
devstral-small-2-24b,Devstral Small 2 24B,rtx-3060-12,RTX 3060 12 GB,Q8_0,8192,28.3,no,0,
devstral-small-2-24b,Devstral Small 2 24B,rtx-3060-12,RTX 3060 12 GB,Q6_K,8192,22.31,no,0,
devstral-small-2-24b,Devstral Small 2 24B,rtx-3060-12,RTX 3060 12 GB,Q5_K_M,8192,19.56,no,0,
devstral-small-2-24b,Devstral Small 2 24B,rtx-3060-12,RTX 3060 12 GB,Q4_K_M,8192,16.32,no,0,
devstral-small-2-24b,Devstral Small 2 24B,rtx-3060-12,RTX 3060 12 GB,Q3_K_M,8192,13.57,no,0,
devstral-small-2-24b,Devstral Small 2 24B,rtx-4060-ti-16,RTX 4060 Ti 16 GB,FP16,8192,51.76,no,0,
devstral-small-2-24b,Devstral Small 2 24B,rtx-4060-ti-16,RTX 4060 Ti 16 GB,Q8_0,8192,28.3,no,0,
devstral-small-2-24b,Devstral Small 2 24B,rtx-4060-ti-16,RTX 4060 Ti 16 GB,Q6_K,8192,22.31,no,0,
devstral-small-2-24b,Devstral Small 2 24B,rtx-4060-ti-16,RTX 4060 Ti 16 GB,Q5_K_M,8192,19.56,no,0,
devstral-small-2-24b,Devstral Small 2 24B,rtx-4060-ti-16,RTX 4060 Ti 16 GB,Q4_K_M,8192,16.32,no,1024,14
devstral-small-2-24b,Devstral Small 2 24B,rtx-4060-ti-16,RTX 4060 Ti 16 GB,Q3_K_M,8192,13.57,fits,17408,18
devstral-small-2-24b,Devstral Small 2 24B,rtx-4070,RTX 4070 12 GB,FP16,8192,51.76,no,0,
devstral-small-2-24b,Devstral Small 2 24B,rtx-4070,RTX 4070 12 GB,Q8_0,8192,28.3,no,0,
devstral-small-2-24b,Devstral Small 2 24B,rtx-4070,RTX 4070 12 GB,Q6_K,8192,22.31,no,0,
devstral-small-2-24b,Devstral Small 2 24B,rtx-4070,RTX 4070 12 GB,Q5_K_M,8192,19.56,no,0,
devstral-small-2-24b,Devstral Small 2 24B,rtx-4070,RTX 4070 12 GB,Q4_K_M,8192,16.32,no,0,
devstral-small-2-24b,Devstral Small 2 24B,rtx-4070,RTX 4070 12 GB,Q3_K_M,8192,13.57,no,0,
devstral-small-2-24b,Devstral Small 2 24B,rtx-3090,RTX 3090 24 GB,FP16,8192,51.76,no,0,
devstral-small-2-24b,Devstral Small 2 24B,rtx-3090,RTX 3090 24 GB,Q8_0,8192,28.3,no,0,
devstral-small-2-24b,Devstral Small 2 24B,rtx-3090,RTX 3090 24 GB,Q6_K,8192,22.31,tight,10240,33
devstral-small-2-24b,Devstral Small 2 24B,rtx-3090,RTX 3090 24 GB,Q5_K_M,8192,19.56,fits,27648,38
devstral-small-2-24b,Devstral Small 2 24B,rtx-3090,RTX 3090 24 GB,Q4_K_M,8192,16.32,fits,47104,47
devstral-small-2-24b,Devstral Small 2 24B,rtx-3090,RTX 3090 24 GB,Q3_K_M,8192,13.57,fits,63488,58
devstral-small-2-24b,Devstral Small 2 24B,rtx-4090,RTX 4090 24 GB,FP16,8192,51.76,no,0,
devstral-small-2-24b,Devstral Small 2 24B,rtx-4090,RTX 4090 24 GB,Q8_0,8192,28.3,no,0,
devstral-small-2-24b,Devstral Small 2 24B,rtx-4090,RTX 4090 24 GB,Q6_K,8192,22.31,tight,10240,36
devstral-small-2-24b,Devstral Small 2 24B,rtx-4090,RTX 4090 24 GB,Q5_K_M,8192,19.56,fits,27648,41
devstral-small-2-24b,Devstral Small 2 24B,rtx-4090,RTX 4090 24 GB,Q4_K_M,8192,16.32,fits,47104,51
devstral-small-2-24b,Devstral Small 2 24B,rtx-4090,RTX 4090 24 GB,Q3_K_M,8192,13.57,fits,63488,63
devstral-small-2-24b,Devstral Small 2 24B,rtx-5090,RTX 5090 32 GB,FP16,8192,51.76,no,0,
devstral-small-2-24b,Devstral Small 2 24B,rtx-5090,RTX 5090 32 GB,Q8_0,8192,28.3,tight,20480,49
devstral-small-2-24b,Devstral Small 2 24B,rtx-5090,RTX 5090 32 GB,Q6_K,8192,22.31,fits,57344,64
devstral-small-2-24b,Devstral Small 2 24B,rtx-5090,RTX 5090 32 GB,Q5_K_M,8192,19.56,fits,73728,74
devstral-small-2-24b,Devstral Small 2 24B,rtx-5090,RTX 5090 32 GB,Q4_K_M,8192,16.32,fits,93184,90
devstral-small-2-24b,Devstral Small 2 24B,rtx-5090,RTX 5090 32 GB,Q3_K_M,8192,13.57,fits,110592,111
devstral-small-2-24b,Devstral Small 2 24B,rtx-6000-ada,RTX 6000 Ada 48 GB,FP16,8192,51.76,no,0,
devstral-small-2-24b,Devstral Small 2 24B,rtx-6000-ada,RTX 6000 Ada 48 GB,Q8_0,8192,28.3,fits,113664,26
devstral-small-2-24b,Devstral Small 2 24B,rtx-6000-ada,RTX 6000 Ada 48 GB,Q6_K,8192,22.31,fits,131072,34
devstral-small-2-24b,Devstral Small 2 24B,rtx-6000-ada,RTX 6000 Ada 48 GB,Q5_K_M,8192,19.56,fits,131072,39
devstral-small-2-24b,Devstral Small 2 24B,rtx-6000-ada,RTX 6000 Ada 48 GB,Q4_K_M,8192,16.32,fits,131072,48
devstral-small-2-24b,Devstral Small 2 24B,rtx-6000-ada,RTX 6000 Ada 48 GB,Q3_K_M,8192,13.57,fits,131072,60
devstral-small-2-24b,Devstral Small 2 24B,l40s,L40S 48 GB,FP16,8192,51.76,no,0,
devstral-small-2-24b,Devstral Small 2 24B,l40s,L40S 48 GB,Q8_0,8192,28.3,fits,113664,24
devstral-small-2-24b,Devstral Small 2 24B,l40s,L40S 48 GB,Q6_K,8192,22.31,fits,131072,31
devstral-small-2-24b,Devstral Small 2 24B,l40s,L40S 48 GB,Q5_K_M,8192,19.56,fits,131072,35
devstral-small-2-24b,Devstral Small 2 24B,l40s,L40S 48 GB,Q4_K_M,8192,16.32,fits,131072,43
devstral-small-2-24b,Devstral Small 2 24B,l40s,L40S 48 GB,Q3_K_M,8192,13.57,fits,131072,54
devstral-small-2-24b,Devstral Small 2 24B,rtx-pro-6000,RTX PRO 6000 Blackwell 96 GB,FP16,8192,51.76,fits,131072,26
devstral-small-2-24b,Devstral Small 2 24B,rtx-pro-6000,RTX PRO 6000 Blackwell 96 GB,Q8_0,8192,28.3,fits,131072,49
devstral-small-2-24b,Devstral Small 2 24B,rtx-pro-6000,RTX PRO 6000 Blackwell 96 GB,Q6_K,8192,22.31,fits,131072,64
devstral-small-2-24b,Devstral Small 2 24B,rtx-pro-6000,RTX PRO 6000 Blackwell 96 GB,Q5_K_M,8192,19.56,fits,131072,74
devstral-small-2-24b,Devstral Small 2 24B,rtx-pro-6000,RTX PRO 6000 Blackwell 96 GB,Q4_K_M,8192,16.32,fits,131072,90
devstral-small-2-24b,Devstral Small 2 24B,rtx-pro-6000,RTX PRO 6000 Blackwell 96 GB,Q3_K_M,8192,13.57,fits,131072,111
devstral-small-2-24b,Devstral Small 2 24B,a100-80,A100 80 GB,FP16,8192,51.76,fits,131072,30
devstral-small-2-24b,Devstral Small 2 24B,a100-80,A100 80 GB,Q8_0,8192,28.3,fits,131072,56
devstral-small-2-24b,Devstral Small 2 24B,a100-80,A100 80 GB,Q6_K,8192,22.31,fits,131072,73
devstral-small-2-24b,Devstral Small 2 24B,a100-80,A100 80 GB,Q5_K_M,8192,19.56,fits,131072,84
devstral-small-2-24b,Devstral Small 2 24B,a100-80,A100 80 GB,Q4_K_M,8192,16.32,fits,131072,103
devstral-small-2-24b,Devstral Small 2 24B,a100-80,A100 80 GB,Q3_K_M,8192,13.57,fits,131072,127
devstral-small-2-24b,Devstral Small 2 24B,h100-sxm,H100 SXM 80 GB,FP16,8192,51.76,fits,131072,49
devstral-small-2-24b,Devstral Small 2 24B,h100-sxm,H100 SXM 80 GB,Q8_0,8192,28.3,fits,131072,92
devstral-small-2-24b,Devstral Small 2 24B,h100-sxm,H100 SXM 80 GB,Q6_K,8192,22.31,fits,131072,119
devstral-small-2-24b,Devstral Small 2 24B,h100-sxm,H100 SXM 80 GB,Q5_K_M,8192,19.56,fits,131072,138
devstral-small-2-24b,Devstral Small 2 24B,h100-sxm,H100 SXM 80 GB,Q4_K_M,8192,16.32,fits,131072,169
devstral-small-2-24b,Devstral Small 2 24B,h100-sxm,H100 SXM 80 GB,Q3_K_M,8192,13.57,fits,131072,208
devstral-small-2-24b,Devstral Small 2 24B,m2-ultra,Mac Studio M2 Ultra (unified),FP16,8192,51.76,fits,131072,12
devstral-small-2-24b,Devstral Small 2 24B,m2-ultra,Mac Studio M2 Ultra (unified),Q8_0,8192,28.3,fits,131072,22
devstral-small-2-24b,Devstral Small 2 24B,m2-ultra,Mac Studio M2 Ultra (unified),Q6_K,8192,22.31,fits,131072,28
devstral-small-2-24b,Devstral Small 2 24B,m2-ultra,Mac Studio M2 Ultra (unified),Q5_K_M,8192,19.56,fits,131072,33
devstral-small-2-24b,Devstral Small 2 24B,m2-ultra,Mac Studio M2 Ultra (unified),Q4_K_M,8192,16.32,fits,131072,40
devstral-small-2-24b,Devstral Small 2 24B,m2-ultra,Mac Studio M2 Ultra (unified),Q3_K_M,8192,13.57,fits,131072,50
devstral-small-2-24b,Devstral Small 2 24B,m4-max,MacBook Pro M4 Max (unified),FP16,8192,51.76,fits,131072,8
devstral-small-2-24b,Devstral Small 2 24B,m4-max,MacBook Pro M4 Max (unified),Q8_0,8192,28.3,fits,131072,15
devstral-small-2-24b,Devstral Small 2 24B,m4-max,MacBook Pro M4 Max (unified),Q6_K,8192,22.31,fits,131072,19
devstral-small-2-24b,Devstral Small 2 24B,m4-max,MacBook Pro M4 Max (unified),Q5_K_M,8192,19.56,fits,131072,22
devstral-small-2-24b,Devstral Small 2 24B,m4-max,MacBook Pro M4 Max (unified),Q4_K_M,8192,16.32,fits,131072,27
devstral-small-2-24b,Devstral Small 2 24B,m4-max,MacBook Pro M4 Max (unified),Q3_K_M,8192,13.57,fits,131072,34
mistral-small-3.1-24b,Mistral Small 3.1 24B,rtx-3060-12,RTX 3060 12 GB,FP16,8192,51.76,no,0,
mistral-small-3.1-24b,Mistral Small 3.1 24B,rtx-3060-12,RTX 3060 12 GB,Q8_0,8192,28.3,no,0,
mistral-small-3.1-24b,Mistral Small 3.1 24B,rtx-3060-12,RTX 3060 12 GB,Q6_K,8192,22.31,no,0,
mistral-small-3.1-24b,Mistral Small 3.1 24B,rtx-3060-12,RTX 3060 12 GB,Q5_K_M,8192,19.56,no,0,
mistral-small-3.1-24b,Mistral Small 3.1 24B,rtx-3060-12,RTX 3060 12 GB,Q4_K_M,8192,16.32,no,0,
mistral-small-3.1-24b,Mistral Small 3.1 24B,rtx-3060-12,RTX 3060 12 GB,Q3_K_M,8192,13.57,no,0,
mistral-small-3.1-24b,Mistral Small 3.1 24B,rtx-4060-ti-16,RTX 4060 Ti 16 GB,FP16,8192,51.76,no,0,
mistral-small-3.1-24b,Mistral Small 3.1 24B,rtx-4060-ti-16,RTX 4060 Ti 16 GB,Q8_0,8192,28.3,no,0,
mistral-small-3.1-24b,Mistral Small 3.1 24B,rtx-4060-ti-16,RTX 4060 Ti 16 GB,Q6_K,8192,22.31,no,0,
mistral-small-3.1-24b,Mistral Small 3.1 24B,rtx-4060-ti-16,RTX 4060 Ti 16 GB,Q5_K_M,8192,19.56,no,0,
mistral-small-3.1-24b,Mistral Small 3.1 24B,rtx-4060-ti-16,RTX 4060 Ti 16 GB,Q4_K_M,8192,16.32,no,1024,14
mistral-small-3.1-24b,Mistral Small 3.1 24B,rtx-4060-ti-16,RTX 4060 Ti 16 GB,Q3_K_M,8192,13.57,fits,17408,18
mistral-small-3.1-24b,Mistral Small 3.1 24B,rtx-4070,RTX 4070 12 GB,FP16,8192,51.76,no,0,
mistral-small-3.1-24b,Mistral Small 3.1 24B,rtx-4070,RTX 4070 12 GB,Q8_0,8192,28.3,no,0,
mistral-small-3.1-24b,Mistral Small 3.1 24B,rtx-4070,RTX 4070 12 GB,Q6_K,8192,22.31,no,0,
mistral-small-3.1-24b,Mistral Small 3.1 24B,rtx-4070,RTX 4070 12 GB,Q5_K_M,8192,19.56,no,0,
mistral-small-3.1-24b,Mistral Small 3.1 24B,rtx-4070,RTX 4070 12 GB,Q4_K_M,8192,16.32,no,0,
mistral-small-3.1-24b,Mistral Small 3.1 24B,rtx-4070,RTX 4070 12 GB,Q3_K_M,8192,13.57,no,0,
mistral-small-3.1-24b,Mistral Small 3.1 24B,rtx-3090,RTX 3090 24 GB,FP16,8192,51.76,no,0,
mistral-small-3.1-24b,Mistral Small 3.1 24B,rtx-3090,RTX 3090 24 GB,Q8_0,8192,28.3,no,0,
mistral-small-3.1-24b,Mistral Small 3.1 24B,rtx-3090,RTX 3090 24 GB,Q6_K,8192,22.31,tight,10240,33
mistral-small-3.1-24b,Mistral Small 3.1 24B,rtx-3090,RTX 3090 24 GB,Q5_K_M,8192,19.56,fits,27648,38
mistral-small-3.1-24b,Mistral Small 3.1 24B,rtx-3090,RTX 3090 24 GB,Q4_K_M,8192,16.32,fits,47104,47
mistral-small-3.1-24b,Mistral Small 3.1 24B,rtx-3090,RTX 3090 24 GB,Q3_K_M,8192,13.57,fits,63488,58
mistral-small-3.1-24b,Mistral Small 3.1 24B,rtx-4090,RTX 4090 24 GB,FP16,8192,51.76,no,0,
mistral-small-3.1-24b,Mistral Small 3.1 24B,rtx-4090,RTX 4090 24 GB,Q8_0,8192,28.3,no,0,
mistral-small-3.1-24b,Mistral Small 3.1 24B,rtx-4090,RTX 4090 24 GB,Q6_K,8192,22.31,tight,10240,36
mistral-small-3.1-24b,Mistral Small 3.1 24B,rtx-4090,RTX 4090 24 GB,Q5_K_M,8192,19.56,fits,27648,41
mistral-small-3.1-24b,Mistral Small 3.1 24B,rtx-4090,RTX 4090 24 GB,Q4_K_M,8192,16.32,fits,47104,51
mistral-small-3.1-24b,Mistral Small 3.1 24B,rtx-4090,RTX 4090 24 GB,Q3_K_M,8192,13.57,fits,63488,63
mistral-small-3.1-24b,Mistral Small 3.1 24B,rtx-5090,RTX 5090 32 GB,FP16,8192,51.76,no,0,
mistral-small-3.1-24b,Mistral Small 3.1 24B,rtx-5090,RTX 5090 32 GB,Q8_0,8192,28.3,tight,20480,49
mistral-small-3.1-24b,Mistral Small 3.1 24B,rtx-5090,RTX 5090 32 GB,Q6_K,8192,22.31,fits,57344,64
mistral-small-3.1-24b,Mistral Small 3.1 24B,rtx-5090,RTX 5090 32 GB,Q5_K_M,8192,19.56,fits,73728,74
mistral-small-3.1-24b,Mistral Small 3.1 24B,rtx-5090,RTX 5090 32 GB,Q4_K_M,8192,16.32,fits,93184,90
mistral-small-3.1-24b,Mistral Small 3.1 24B,rtx-5090,RTX 5090 32 GB,Q3_K_M,8192,13.57,fits,110592,111
mistral-small-3.1-24b,Mistral Small 3.1 24B,rtx-6000-ada,RTX 6000 Ada 48 GB,FP16,8192,51.76,no,0,
mistral-small-3.1-24b,Mistral Small 3.1 24B,rtx-6000-ada,RTX 6000 Ada 48 GB,Q8_0,8192,28.3,fits,113664,26
mistral-small-3.1-24b,Mistral Small 3.1 24B,rtx-6000-ada,RTX 6000 Ada 48 GB,Q6_K,8192,22.31,fits,131072,34
mistral-small-3.1-24b,Mistral Small 3.1 24B,rtx-6000-ada,RTX 6000 Ada 48 GB,Q5_K_M,8192,19.56,fits,131072,39
mistral-small-3.1-24b,Mistral Small 3.1 24B,rtx-6000-ada,RTX 6000 Ada 48 GB,Q4_K_M,8192,16.32,fits,131072,48
mistral-small-3.1-24b,Mistral Small 3.1 24B,rtx-6000-ada,RTX 6000 Ada 48 GB,Q3_K_M,8192,13.57,fits,131072,60
mistral-small-3.1-24b,Mistral Small 3.1 24B,l40s,L40S 48 GB,FP16,8192,51.76,no,0,
mistral-small-3.1-24b,Mistral Small 3.1 24B,l40s,L40S 48 GB,Q8_0,8192,28.3,fits,113664,24
mistral-small-3.1-24b,Mistral Small 3.1 24B,l40s,L40S 48 GB,Q6_K,8192,22.31,fits,131072,31
mistral-small-3.1-24b,Mistral Small 3.1 24B,l40s,L40S 48 GB,Q5_K_M,8192,19.56,fits,131072,35
mistral-small-3.1-24b,Mistral Small 3.1 24B,l40s,L40S 48 GB,Q4_K_M,8192,16.32,fits,131072,43
mistral-small-3.1-24b,Mistral Small 3.1 24B,l40s,L40S 48 GB,Q3_K_M,8192,13.57,fits,131072,54
mistral-small-3.1-24b,Mistral Small 3.1 24B,rtx-pro-6000,RTX PRO 6000 Blackwell 96 GB,FP16,8192,51.76,fits,131072,26
mistral-small-3.1-24b,Mistral Small 3.1 24B,rtx-pro-6000,RTX PRO 6000 Blackwell 96 GB,Q8_0,8192,28.3,fits,131072,49
mistral-small-3.1-24b,Mistral Small 3.1 24B,rtx-pro-6000,RTX PRO 6000 Blackwell 96 GB,Q6_K,8192,22.31,fits,131072,64
mistral-small-3.1-24b,Mistral Small 3.1 24B,rtx-pro-6000,RTX PRO 6000 Blackwell 96 GB,Q5_K_M,8192,19.56,fits,131072,74
mistral-small-3.1-24b,Mistral Small 3.1 24B,rtx-pro-6000,RTX PRO 6000 Blackwell 96 GB,Q4_K_M,8192,16.32,fits,131072,90
mistral-small-3.1-24b,Mistral Small 3.1 24B,rtx-pro-6000,RTX PRO 6000 Blackwell 96 GB,Q3_K_M,8192,13.57,fits,131072,111
mistral-small-3.1-24b,Mistral Small 3.1 24B,a100-80,A100 80 GB,FP16,8192,51.76,fits,131072,30
mistral-small-3.1-24b,Mistral Small 3.1 24B,a100-80,A100 80 GB,Q8_0,8192,28.3,fits,131072,56
mistral-small-3.1-24b,Mistral Small 3.1 24B,a100-80,A100 80 GB,Q6_K,8192,22.31,fits,131072,73
mistral-small-3.1-24b,Mistral Small 3.1 24B,a100-80,A100 80 GB,Q5_K_M,8192,19.56,fits,131072,84
mistral-small-3.1-24b,Mistral Small 3.1 24B,a100-80,A100 80 GB,Q4_K_M,8192,16.32,fits,131072,103
mistral-small-3.1-24b,Mistral Small 3.1 24B,a100-80,A100 80 GB,Q3_K_M,8192,13.57,fits,131072,127
mistral-small-3.1-24b,Mistral Small 3.1 24B,h100-sxm,H100 SXM 80 GB,FP16,8192,51.76,fits,131072,49
mistral-small-3.1-24b,Mistral Small 3.1 24B,h100-sxm,H100 SXM 80 GB,Q8_0,8192,28.3,fits,131072,92
mistral-small-3.1-24b,Mistral Small 3.1 24B,h100-sxm,H100 SXM 80 GB,Q6_K,8192,22.31,fits,131072,119
mistral-small-3.1-24b,Mistral Small 3.1 24B,h100-sxm,H100 SXM 80 GB,Q5_K_M,8192,19.56,fits,131072,138
mistral-small-3.1-24b,Mistral Small 3.1 24B,h100-sxm,H100 SXM 80 GB,Q4_K_M,8192,16.32,fits,131072,169
mistral-small-3.1-24b,Mistral Small 3.1 24B,h100-sxm,H100 SXM 80 GB,Q3_K_M,8192,13.57,fits,131072,208
mistral-small-3.1-24b,Mistral Small 3.1 24B,m2-ultra,Mac Studio M2 Ultra (unified),FP16,8192,51.76,fits,131072,12
mistral-small-3.1-24b,Mistral Small 3.1 24B,m2-ultra,Mac Studio M2 Ultra (unified),Q8_0,8192,28.3,fits,131072,22
mistral-small-3.1-24b,Mistral Small 3.1 24B,m2-ultra,Mac Studio M2 Ultra (unified),Q6_K,8192,22.31,fits,131072,28
mistral-small-3.1-24b,Mistral Small 3.1 24B,m2-ultra,Mac Studio M2 Ultra (unified),Q5_K_M,8192,19.56,fits,131072,33
mistral-small-3.1-24b,Mistral Small 3.1 24B,m2-ultra,Mac Studio M2 Ultra (unified),Q4_K_M,8192,16.32,fits,131072,40
mistral-small-3.1-24b,Mistral Small 3.1 24B,m2-ultra,Mac Studio M2 Ultra (unified),Q3_K_M,8192,13.57,fits,131072,50
mistral-small-3.1-24b,Mistral Small 3.1 24B,m4-max,MacBook Pro M4 Max (unified),FP16,8192,51.76,fits,131072,8
mistral-small-3.1-24b,Mistral Small 3.1 24B,m4-max,MacBook Pro M4 Max (unified),Q8_0,8192,28.3,fits,131072,15
mistral-small-3.1-24b,Mistral Small 3.1 24B,m4-max,MacBook Pro M4 Max (unified),Q6_K,8192,22.31,fits,131072,19
mistral-small-3.1-24b,Mistral Small 3.1 24B,m4-max,MacBook Pro M4 Max (unified),Q5_K_M,8192,19.56,fits,131072,22
mistral-small-3.1-24b,Mistral Small 3.1 24B,m4-max,MacBook Pro M4 Max (unified),Q4_K_M,8192,16.32,fits,131072,27
mistral-small-3.1-24b,Mistral Small 3.1 24B,m4-max,MacBook Pro M4 Max (unified),Q3_K_M,8192,13.57,fits,131072,34
gemma-4-26b-a4b,Gemma 4 26B-A4B (MoE),rtx-3060-12,RTX 3060 12 GB,FP16,8192,54.54,no,0,
gemma-4-26b-a4b,Gemma 4 26B-A4B (MoE),rtx-3060-12,RTX 3060 12 GB,Q8_0,8192,29.32,no,0,
gemma-4-26b-a4b,Gemma 4 26B-A4B (MoE),rtx-3060-12,RTX 3060 12 GB,Q6_K,8192,22.88,no,0,
gemma-4-26b-a4b,Gemma 4 26B-A4B (MoE),rtx-3060-12,RTX 3060 12 GB,Q5_K_M,8192,19.93,no,0,
gemma-4-26b-a4b,Gemma 4 26B-A4B (MoE),rtx-3060-12,RTX 3060 12 GB,Q4_K_M,8192,16.44,no,0,
gemma-4-26b-a4b,Gemma 4 26B-A4B (MoE),rtx-3060-12,RTX 3060 12 GB,Q3_K_M,8192,13.49,no,0,
gemma-4-26b-a4b,Gemma 4 26B-A4B (MoE),rtx-4060-ti-16,RTX 4060 Ti 16 GB,FP16,8192,54.54,no,0,
gemma-4-26b-a4b,Gemma 4 26B-A4B (MoE),rtx-4060-ti-16,RTX 4060 Ti 16 GB,Q8_0,8192,29.32,no,0,
gemma-4-26b-a4b,Gemma 4 26B-A4B (MoE),rtx-4060-ti-16,RTX 4060 Ti 16 GB,Q6_K,8192,22.88,no,0,
gemma-4-26b-a4b,Gemma 4 26B-A4B (MoE),rtx-4060-ti-16,RTX 4060 Ti 16 GB,Q5_K_M,8192,19.93,no,0,
gemma-4-26b-a4b,Gemma 4 26B-A4B (MoE),rtx-4060-ti-16,RTX 4060 Ti 16 GB,Q4_K_M,8192,16.44,no,0,
gemma-4-26b-a4b,Gemma 4 26B-A4B (MoE),rtx-4060-ti-16,RTX 4060 Ti 16 GB,Q3_K_M,8192,13.49,fits,91136,113
gemma-4-26b-a4b,Gemma 4 26B-A4B (MoE),rtx-4070,RTX 4070 12 GB,FP16,8192,54.54,no,0,
gemma-4-26b-a4b,Gemma 4 26B-A4B (MoE),rtx-4070,RTX 4070 12 GB,Q8_0,8192,29.32,no,0,
gemma-4-26b-a4b,Gemma 4 26B-A4B (MoE),rtx-4070,RTX 4070 12 GB,Q6_K,8192,22.88,no,0,
gemma-4-26b-a4b,Gemma 4 26B-A4B (MoE),rtx-4070,RTX 4070 12 GB,Q5_K_M,8192,19.93,no,0,
gemma-4-26b-a4b,Gemma 4 26B-A4B (MoE),rtx-4070,RTX 4070 12 GB,Q4_K_M,8192,16.44,no,0,
gemma-4-26b-a4b,Gemma 4 26B-A4B (MoE),rtx-4070,RTX 4070 12 GB,Q3_K_M,8192,13.49,no,0,
gemma-4-26b-a4b,Gemma 4 26B-A4B (MoE),rtx-3090,RTX 3090 24 GB,FP16,8192,54.54,no,0,
gemma-4-26b-a4b,Gemma 4 26B-A4B (MoE),rtx-3090,RTX 3090 24 GB,Q8_0,8192,29.32,no,0,
gemma-4-26b-a4b,Gemma 4 26B-A4B (MoE),rtx-3090,RTX 3090 24 GB,Q6_K,8192,22.88,no,4096,210
gemma-4-26b-a4b,Gemma 4 26B-A4B (MoE),rtx-3090,RTX 3090 24 GB,Q5_K_M,8192,19.93,fits,131072,243
gemma-4-26b-a4b,Gemma 4 26B-A4B (MoE),rtx-3090,RTX 3090 24 GB,Q4_K_M,8192,16.44,fits,131072,297
gemma-4-26b-a4b,Gemma 4 26B-A4B (MoE),rtx-3090,RTX 3090 24 GB,Q3_K_M,8192,13.49,fits,131072,367
gemma-4-26b-a4b,Gemma 4 26B-A4B (MoE),rtx-4090,RTX 4090 24 GB,FP16,8192,54.54,no,0,
gemma-4-26b-a4b,Gemma 4 26B-A4B (MoE),rtx-4090,RTX 4090 24 GB,Q8_0,8192,29.32,no,0,
gemma-4-26b-a4b,Gemma 4 26B-A4B (MoE),rtx-4090,RTX 4090 24 GB,Q6_K,8192,22.88,no,4096,226
gemma-4-26b-a4b,Gemma 4 26B-A4B (MoE),rtx-4090,RTX 4090 24 GB,Q5_K_M,8192,19.93,fits,131072,262
gemma-4-26b-a4b,Gemma 4 26B-A4B (MoE),rtx-4090,RTX 4090 24 GB,Q4_K_M,8192,16.44,fits,131072,320
gemma-4-26b-a4b,Gemma 4 26B-A4B (MoE),rtx-4090,RTX 4090 24 GB,Q3_K_M,8192,13.49,fits,131072,395
gemma-4-26b-a4b,Gemma 4 26B-A4B (MoE),rtx-5090,RTX 5090 32 GB,FP16,8192,54.54,no,0,
gemma-4-26b-a4b,Gemma 4 26B-A4B (MoE),rtx-5090,RTX 5090 32 GB,Q8_0,8192,29.32,tight,60416,311
gemma-4-26b-a4b,Gemma 4 26B-A4B (MoE),rtx-5090,RTX 5090 32 GB,Q6_K,8192,22.88,fits,131072,403
gemma-4-26b-a4b,Gemma 4 26B-A4B (MoE),rtx-5090,RTX 5090 32 GB,Q5_K_M,8192,19.93,fits,131072,465
gemma-4-26b-a4b,Gemma 4 26B-A4B (MoE),rtx-5090,RTX 5090 32 GB,Q4_K_M,8192,16.44,fits,131072,569
gemma-4-26b-a4b,Gemma 4 26B-A4B (MoE),rtx-5090,RTX 5090 32 GB,Q3_K_M,8192,13.49,fits,131072,702
gemma-4-26b-a4b,Gemma 4 26B-A4B (MoE),rtx-6000-ada,RTX 6000 Ada 48 GB,FP16,8192,54.54,no,0,
gemma-4-26b-a4b,Gemma 4 26B-A4B (MoE),rtx-6000-ada,RTX 6000 Ada 48 GB,Q8_0,8192,29.32,fits,131072,167
gemma-4-26b-a4b,Gemma 4 26B-A4B (MoE),rtx-6000-ada,RTX 6000 Ada 48 GB,Q6_K,8192,22.88,fits,131072,216
gemma-4-26b-a4b,Gemma 4 26B-A4B (MoE),rtx-6000-ada,RTX 6000 Ada 48 GB,Q5_K_M,8192,19.93,fits,131072,249
gemma-4-26b-a4b,Gemma 4 26B-A4B (MoE),rtx-6000-ada,RTX 6000 Ada 48 GB,Q4_K_M,8192,16.44,fits,131072,305
gemma-4-26b-a4b,Gemma 4 26B-A4B (MoE),rtx-6000-ada,RTX 6000 Ada 48 GB,Q3_K_M,8192,13.49,fits,131072,376
gemma-4-26b-a4b,Gemma 4 26B-A4B (MoE),l40s,L40S 48 GB,FP16,8192,54.54,no,0,
gemma-4-26b-a4b,Gemma 4 26B-A4B (MoE),l40s,L40S 48 GB,Q8_0,8192,29.32,fits,131072,150
gemma-4-26b-a4b,Gemma 4 26B-A4B (MoE),l40s,L40S 48 GB,Q6_K,8192,22.88,fits,131072,194
gemma-4-26b-a4b,Gemma 4 26B-A4B (MoE),l40s,L40S 48 GB,Q5_K_M,8192,19.93,fits,131072,224
gemma-4-26b-a4b,Gemma 4 26B-A4B (MoE),l40s,L40S 48 GB,Q4_K_M,8192,16.44,fits,131072,274
gemma-4-26b-a4b,Gemma 4 26B-A4B (MoE),l40s,L40S 48 GB,Q3_K_M,8192,13.49,fits,131072,339
gemma-4-26b-a4b,Gemma 4 26B-A4B (MoE),rtx-pro-6000,RTX PRO 6000 Blackwell 96 GB,FP16,8192,54.54,fits,131072,165
gemma-4-26b-a4b,Gemma 4 26B-A4B (MoE),rtx-pro-6000,RTX PRO 6000 Blackwell 96 GB,Q8_0,8192,29.32,fits,131072,311
gemma-4-26b-a4b,Gemma 4 26B-A4B (MoE),rtx-pro-6000,RTX PRO 6000 Blackwell 96 GB,Q6_K,8192,22.88,fits,131072,403
gemma-4-26b-a4b,Gemma 4 26B-A4B (MoE),rtx-pro-6000,RTX PRO 6000 Blackwell 96 GB,Q5_K_M,8192,19.93,fits,131072,465
gemma-4-26b-a4b,Gemma 4 26B-A4B (MoE),rtx-pro-6000,RTX PRO 6000 Blackwell 96 GB,Q4_K_M,8192,16.44,fits,131072,569
gemma-4-26b-a4b,Gemma 4 26B-A4B (MoE),rtx-pro-6000,RTX PRO 6000 Blackwell 96 GB,Q3_K_M,8192,13.49,fits,131072,702
gemma-4-26b-a4b,Gemma 4 26B-A4B (MoE),a100-80,A100 80 GB,FP16,8192,54.54,fits,131072,188
gemma-4-26b-a4b,Gemma 4 26B-A4B (MoE),a100-80,A100 80 GB,Q8_0,8192,29.32,fits,131072,354
gemma-4-26b-a4b,Gemma 4 26B-A4B (MoE),a100-80,A100 80 GB,Q6_K,8192,22.88,fits,131072,458
gemma-4-26b-a4b,Gemma 4 26B-A4B (MoE),a100-80,A100 80 GB,Q5_K_M,8192,19.93,fits,131072,529
gemma-4-26b-a4b,Gemma 4 26B-A4B (MoE),a100-80,A100 80 GB,Q4_K_M,8192,16.44,fits,131072,648
gemma-4-26b-a4b,Gemma 4 26B-A4B (MoE),a100-80,A100 80 GB,Q3_K_M,8192,13.49,fits,131072,799
gemma-4-26b-a4b,Gemma 4 26B-A4B (MoE),h100-sxm,H100 SXM 80 GB,FP16,8192,54.54,fits,131072,309
gemma-4-26b-a4b,Gemma 4 26B-A4B (MoE),h100-sxm,H100 SXM 80 GB,Q8_0,8192,29.32,fits,131072,583
gemma-4-26b-a4b,Gemma 4 26B-A4B (MoE),h100-sxm,H100 SXM 80 GB,Q6_K,8192,22.88,fits,131072,753
gemma-4-26b-a4b,Gemma 4 26B-A4B (MoE),h100-sxm,H100 SXM 80 GB,Q5_K_M,8192,19.93,fits,131072,870
gemma-4-26b-a4b,Gemma 4 26B-A4B (MoE),h100-sxm,H100 SXM 80 GB,Q4_K_M,8192,16.44,fits,131072,1065
gemma-4-26b-a4b,Gemma 4 26B-A4B (MoE),h100-sxm,H100 SXM 80 GB,Q3_K_M,8192,13.49,fits,131072,1314
gemma-4-26b-a4b,Gemma 4 26B-A4B (MoE),m2-ultra,Mac Studio M2 Ultra (unified),FP16,8192,54.54,fits,131072,74
gemma-4-26b-a4b,Gemma 4 26B-A4B (MoE),m2-ultra,Mac Studio M2 Ultra (unified),Q8_0,8192,29.32,fits,131072,139
gemma-4-26b-a4b,Gemma 4 26B-A4B (MoE),m2-ultra,Mac Studio M2 Ultra (unified),Q6_K,8192,22.88,fits,131072,180
gemma-4-26b-a4b,Gemma 4 26B-A4B (MoE),m2-ultra,Mac Studio M2 Ultra (unified),Q5_K_M,8192,19.93,fits,131072,208
gemma-4-26b-a4b,Gemma 4 26B-A4B (MoE),m2-ultra,Mac Studio M2 Ultra (unified),Q4_K_M,8192,16.44,fits,131072,254
gemma-4-26b-a4b,Gemma 4 26B-A4B (MoE),m2-ultra,Mac Studio M2 Ultra (unified),Q3_K_M,8192,13.49,fits,131072,314
gemma-4-26b-a4b,Gemma 4 26B-A4B (MoE),m4-max,MacBook Pro M4 Max (unified),FP16,8192,54.54,fits,131072,50
gemma-4-26b-a4b,Gemma 4 26B-A4B (MoE),m4-max,MacBook Pro M4 Max (unified),Q8_0,8192,29.32,fits,131072,95
gemma-4-26b-a4b,Gemma 4 26B-A4B (MoE),m4-max,MacBook Pro M4 Max (unified),Q6_K,8192,22.88,fits,131072,123
gemma-4-26b-a4b,Gemma 4 26B-A4B (MoE),m4-max,MacBook Pro M4 Max (unified),Q5_K_M,8192,19.93,fits,131072,142
gemma-4-26b-a4b,Gemma 4 26B-A4B (MoE),m4-max,MacBook Pro M4 Max (unified),Q4_K_M,8192,16.44,fits,131072,173
gemma-4-26b-a4b,Gemma 4 26B-A4B (MoE),m4-max,MacBook Pro M4 Max (unified),Q3_K_M,8192,13.49,fits,131072,214
gemma-3-27b,Gemma 3 27B,rtx-3060-12,RTX 3060 12 GB,FP16,8192,58.6,no,0,
gemma-3-27b,Gemma 3 27B,rtx-3060-12,RTX 3060 12 GB,Q8_0,8192,31.81,no,0,
gemma-3-27b,Gemma 3 27B,rtx-3060-12,RTX 3060 12 GB,Q6_K,8192,24.97,no,0,
gemma-3-27b,Gemma 3 27B,rtx-3060-12,RTX 3060 12 GB,Q5_K_M,8192,21.84,no,0,
gemma-3-27b,Gemma 3 27B,rtx-3060-12,RTX 3060 12 GB,Q4_K_M,8192,18.13,no,0,
gemma-3-27b,Gemma 3 27B,rtx-3060-12,RTX 3060 12 GB,Q3_K_M,8192,15,no,0,
gemma-3-27b,Gemma 3 27B,rtx-4060-ti-16,RTX 4060 Ti 16 GB,FP16,8192,58.6,no,0,
gemma-3-27b,Gemma 3 27B,rtx-4060-ti-16,RTX 4060 Ti 16 GB,Q8_0,8192,31.81,no,0,
gemma-3-27b,Gemma 3 27B,rtx-4060-ti-16,RTX 4060 Ti 16 GB,Q6_K,8192,24.97,no,0,
gemma-3-27b,Gemma 3 27B,rtx-4060-ti-16,RTX 4060 Ti 16 GB,Q5_K_M,8192,21.84,no,0,
gemma-3-27b,Gemma 3 27B,rtx-4060-ti-16,RTX 4060 Ti 16 GB,Q4_K_M,8192,18.13,no,0,
gemma-3-27b,Gemma 3 27B,rtx-4060-ti-16,RTX 4060 Ti 16 GB,Q3_K_M,8192,15,tight,10240,16
gemma-3-27b,Gemma 3 27B,rtx-4070,RTX 4070 12 GB,FP16,8192,58.6,no,0,
gemma-3-27b,Gemma 3 27B,rtx-4070,RTX 4070 12 GB,Q8_0,8192,31.81,no,0,
gemma-3-27b,Gemma 3 27B,rtx-4070,RTX 4070 12 GB,Q6_K,8192,24.97,no,0,
gemma-3-27b,Gemma 3 27B,rtx-4070,RTX 4070 12 GB,Q5_K_M,8192,21.84,no,0,
gemma-3-27b,Gemma 3 27B,rtx-4070,RTX 4070 12 GB,Q4_K_M,8192,18.13,no,0,
gemma-3-27b,Gemma 3 27B,rtx-4070,RTX 4070 12 GB,Q3_K_M,8192,15,no,0,
gemma-3-27b,Gemma 3 27B,rtx-3090,RTX 3090 24 GB,FP16,8192,58.6,no,0,
gemma-3-27b,Gemma 3 27B,rtx-3090,RTX 3090 24 GB,Q8_0,8192,31.81,no,0,
gemma-3-27b,Gemma 3 27B,rtx-3090,RTX 3090 24 GB,Q6_K,8192,24.97,no,0,
gemma-3-27b,Gemma 3 27B,rtx-3090,RTX 3090 24 GB,Q5_K_M,8192,21.84,tight,19456,34
gemma-3-27b,Gemma 3 27B,rtx-3090,RTX 3090 24 GB,Q4_K_M,8192,18.13,fits,64512,41
gemma-3-27b,Gemma 3 27B,rtx-3090,RTX 3090 24 GB,Q3_K_M,8192,15,fits,102400,51
gemma-3-27b,Gemma 3 27B,rtx-4090,RTX 4090 24 GB,FP16,8192,58.6,no,0,
gemma-3-27b,Gemma 3 27B,rtx-4090,RTX 4090 24 GB,Q8_0,8192,31.81,no,0,
gemma-3-27b,Gemma 3 27B,rtx-4090,RTX 4090 24 GB,Q6_K,8192,24.97,no,0,
gemma-3-27b,Gemma 3 27B,rtx-4090,RTX 4090 24 GB,Q5_K_M,8192,21.84,tight,19456,36
gemma-3-27b,Gemma 3 27B,rtx-4090,RTX 4090 24 GB,Q4_K_M,8192,18.13,fits,64512,44
gemma-3-27b,Gemma 3 27B,rtx-4090,RTX 4090 24 GB,Q3_K_M,8192,15,fits,102400,55
gemma-3-27b,Gemma 3 27B,rtx-5090,RTX 5090 32 GB,FP16,8192,58.6,no,0,
gemma-3-27b,Gemma 3 27B,rtx-5090,RTX 5090 32 GB,Q8_0,8192,31.81,no,0,
gemma-3-27b,Gemma 3 27B,rtx-5090,RTX 5090 32 GB,Q6_K,8192,24.97,fits,73728,56
gemma-3-27b,Gemma 3 27B,rtx-5090,RTX 5090 32 GB,Q5_K_M,8192,21.84,fits,112640,64
gemma-3-27b,Gemma 3 27B,rtx-5090,RTX 5090 32 GB,Q4_K_M,8192,18.13,fits,131072,79
gemma-3-27b,Gemma 3 27B,rtx-5090,RTX 5090 32 GB,Q3_K_M,8192,15,fits,131072,97
gemma-3-27b,Gemma 3 27B,rtx-6000-ada,RTX 6000 Ada 48 GB,FP16,8192,58.6,no,0,
gemma-3-27b,Gemma 3 27B,rtx-6000-ada,RTX 6000 Ada 48 GB,Q8_0,8192,31.81,fits,131072,23
gemma-3-27b,Gemma 3 27B,rtx-6000-ada,RTX 6000 Ada 48 GB,Q6_K,8192,24.97,fits,131072,30
gemma-3-27b,Gemma 3 27B,rtx-6000-ada,RTX 6000 Ada 48 GB,Q5_K_M,8192,21.84,fits,131072,35
gemma-3-27b,Gemma 3 27B,rtx-6000-ada,RTX 6000 Ada 48 GB,Q4_K_M,8192,18.13,fits,131072,42
gemma-3-27b,Gemma 3 27B,rtx-6000-ada,RTX 6000 Ada 48 GB,Q3_K_M,8192,15,fits,131072,52
gemma-3-27b,Gemma 3 27B,l40s,L40S 48 GB,FP16,8192,58.6,no,0,
gemma-3-27b,Gemma 3 27B,l40s,L40S 48 GB,Q8_0,8192,31.81,fits,131072,21
gemma-3-27b,Gemma 3 27B,l40s,L40S 48 GB,Q6_K,8192,24.97,fits,131072,27
gemma-3-27b,Gemma 3 27B,l40s,L40S 48 GB,Q5_K_M,8192,21.84,fits,131072,31
gemma-3-27b,Gemma 3 27B,l40s,L40S 48 GB,Q4_K_M,8192,18.13,fits,131072,38
gemma-3-27b,Gemma 3 27B,l40s,L40S 48 GB,Q3_K_M,8192,15,fits,131072,47
gemma-3-27b,Gemma 3 27B,rtx-pro-6000,RTX PRO 6000 Blackwell 96 GB,FP16,8192,58.6,fits,131072,23
gemma-3-27b,Gemma 3 27B,rtx-pro-6000,RTX PRO 6000 Blackwell 96 GB,Q8_0,8192,31.81,fits,131072,43
gemma-3-27b,Gemma 3 27B,rtx-pro-6000,RTX PRO 6000 Blackwell 96 GB,Q6_K,8192,24.97,fits,131072,56
gemma-3-27b,Gemma 3 27B,rtx-pro-6000,RTX PRO 6000 Blackwell 96 GB,Q5_K_M,8192,21.84,fits,131072,64
gemma-3-27b,Gemma 3 27B,rtx-pro-6000,RTX PRO 6000 Blackwell 96 GB,Q4_K_M,8192,18.13,fits,131072,79
gemma-3-27b,Gemma 3 27B,rtx-pro-6000,RTX PRO 6000 Blackwell 96 GB,Q3_K_M,8192,15,fits,131072,97
gemma-3-27b,Gemma 3 27B,a100-80,A100 80 GB,FP16,8192,58.6,fits,131072,26
gemma-3-27b,Gemma 3 27B,a100-80,A100 80 GB,Q8_0,8192,31.81,fits,131072,49
gemma-3-27b,Gemma 3 27B,a100-80,A100 80 GB,Q6_K,8192,24.97,fits,131072,64
gemma-3-27b,Gemma 3 27B,a100-80,A100 80 GB,Q5_K_M,8192,21.84,fits,131072,73
gemma-3-27b,Gemma 3 27B,a100-80,A100 80 GB,Q4_K_M,8192,18.13,fits,131072,90
gemma-3-27b,Gemma 3 27B,a100-80,A100 80 GB,Q3_K_M,8192,15,fits,131072,111
gemma-3-27b,Gemma 3 27B,h100-sxm,H100 SXM 80 GB,FP16,8192,58.6,fits,131072,43
gemma-3-27b,Gemma 3 27B,h100-sxm,H100 SXM 80 GB,Q8_0,8192,31.81,fits,131072,81
gemma-3-27b,Gemma 3 27B,h100-sxm,H100 SXM 80 GB,Q6_K,8192,24.97,fits,131072,104
gemma-3-27b,Gemma 3 27B,h100-sxm,H100 SXM 80 GB,Q5_K_M,8192,21.84,fits,131072,121
gemma-3-27b,Gemma 3 27B,h100-sxm,H100 SXM 80 GB,Q4_K_M,8192,18.13,fits,131072,148
gemma-3-27b,Gemma 3 27B,h100-sxm,H100 SXM 80 GB,Q3_K_M,8192,15,fits,131072,182
gemma-3-27b,Gemma 3 27B,m2-ultra,Mac Studio M2 Ultra (unified),FP16,8192,58.6,fits,131072,10
gemma-3-27b,Gemma 3 27B,m2-ultra,Mac Studio M2 Ultra (unified),Q8_0,8192,31.81,fits,131072,19
gemma-3-27b,Gemma 3 27B,m2-ultra,Mac Studio M2 Ultra (unified),Q6_K,8192,24.97,fits,131072,25
gemma-3-27b,Gemma 3 27B,m2-ultra,Mac Studio M2 Ultra (unified),Q5_K_M,8192,21.84,fits,131072,29
gemma-3-27b,Gemma 3 27B,m2-ultra,Mac Studio M2 Ultra (unified),Q4_K_M,8192,18.13,fits,131072,35
gemma-3-27b,Gemma 3 27B,m2-ultra,Mac Studio M2 Ultra (unified),Q3_K_M,8192,15,fits,131072,43
gemma-3-27b,Gemma 3 27B,m4-max,MacBook Pro M4 Max (unified),FP16,8192,58.6,fits,131072,7
gemma-3-27b,Gemma 3 27B,m4-max,MacBook Pro M4 Max (unified),Q8_0,8192,31.81,fits,131072,13
gemma-3-27b,Gemma 3 27B,m4-max,MacBook Pro M4 Max (unified),Q6_K,8192,24.97,fits,131072,17
gemma-3-27b,Gemma 3 27B,m4-max,MacBook Pro M4 Max (unified),Q5_K_M,8192,21.84,fits,131072,20
gemma-3-27b,Gemma 3 27B,m4-max,MacBook Pro M4 Max (unified),Q4_K_M,8192,18.13,fits,131072,24
gemma-3-27b,Gemma 3 27B,m4-max,MacBook Pro M4 Max (unified),Q3_K_M,8192,15,fits,131072,30
qwen3.8-27b,Qwen3.8 27B,rtx-3060-12,RTX 3060 12 GB,FP16,8192,59.01,no,0,
qwen3.8-27b,Qwen3.8 27B,rtx-3060-12,RTX 3060 12 GB,Q8_0,8192,31.83,no,0,
qwen3.8-27b,Qwen3.8 27B,rtx-3060-12,RTX 3060 12 GB,Q6_K,8192,24.89,no,0,
qwen3.8-27b,Qwen3.8 27B,rtx-3060-12,RTX 3060 12 GB,Q5_K_M,8192,21.71,no,0,
qwen3.8-27b,Qwen3.8 27B,rtx-3060-12,RTX 3060 12 GB,Q4_K_M,8192,17.96,no,0,
qwen3.8-27b,Qwen3.8 27B,rtx-3060-12,RTX 3060 12 GB,Q3_K_M,8192,14.78,no,0,
qwen3.8-27b,Qwen3.8 27B,rtx-4060-ti-16,RTX 4060 Ti 16 GB,FP16,8192,59.01,no,0,
qwen3.8-27b,Qwen3.8 27B,rtx-4060-ti-16,RTX 4060 Ti 16 GB,Q8_0,8192,31.83,no,0,
qwen3.8-27b,Qwen3.8 27B,rtx-4060-ti-16,RTX 4060 Ti 16 GB,Q6_K,8192,24.89,no,0,
qwen3.8-27b,Qwen3.8 27B,rtx-4060-ti-16,RTX 4060 Ti 16 GB,Q5_K_M,8192,21.71,no,0,
qwen3.8-27b,Qwen3.8 27B,rtx-4060-ti-16,RTX 4060 Ti 16 GB,Q4_K_M,8192,17.96,no,0,
qwen3.8-27b,Qwen3.8 27B,rtx-4060-ti-16,RTX 4060 Ti 16 GB,Q3_K_M,8192,14.78,tight,14336,15
qwen3.8-27b,Qwen3.8 27B,rtx-4070,RTX 4070 12 GB,FP16,8192,59.01,no,0,
qwen3.8-27b,Qwen3.8 27B,rtx-4070,RTX 4070 12 GB,Q8_0,8192,31.83,no,0,
qwen3.8-27b,Qwen3.8 27B,rtx-4070,RTX 4070 12 GB,Q6_K,8192,24.89,no,0,
qwen3.8-27b,Qwen3.8 27B,rtx-4070,RTX 4070 12 GB,Q5_K_M,8192,21.71,no,0,
qwen3.8-27b,Qwen3.8 27B,rtx-4070,RTX 4070 12 GB,Q4_K_M,8192,17.96,no,0,
qwen3.8-27b,Qwen3.8 27B,rtx-4070,RTX 4070 12 GB,Q3_K_M,8192,14.78,no,0,
qwen3.8-27b,Qwen3.8 27B,rtx-3090,RTX 3090 24 GB,FP16,8192,59.01,no,0,
qwen3.8-27b,Qwen3.8 27B,rtx-3090,RTX 3090 24 GB,Q8_0,8192,31.83,no,0,
qwen3.8-27b,Qwen3.8 27B,rtx-3090,RTX 3090 24 GB,Q6_K,8192,24.89,no,0,
qwen3.8-27b,Qwen3.8 27B,rtx-3090,RTX 3090 24 GB,Q5_K_M,8192,21.71,tight,24576,33
qwen3.8-27b,Qwen3.8 27B,rtx-3090,RTX 3090 24 GB,Q4_K_M,8192,17.96,fits,81920,41
qwen3.8-27b,Qwen3.8 27B,rtx-3090,RTX 3090 24 GB,Q3_K_M,8192,14.78,fits,130048,50
qwen3.8-27b,Qwen3.8 27B,rtx-4090,RTX 4090 24 GB,FP16,8192,59.01,no,0,
qwen3.8-27b,Qwen3.8 27B,rtx-4090,RTX 4090 24 GB,Q8_0,8192,31.83,no,0,
qwen3.8-27b,Qwen3.8 27B,rtx-4090,RTX 4090 24 GB,Q6_K,8192,24.89,no,0,
qwen3.8-27b,Qwen3.8 27B,rtx-4090,RTX 4090 24 GB,Q5_K_M,8192,21.71,tight,24576,36
qwen3.8-27b,Qwen3.8 27B,rtx-4090,RTX 4090 24 GB,Q4_K_M,8192,17.96,fits,81920,44
qwen3.8-27b,Qwen3.8 27B,rtx-4090,RTX 4090 24 GB,Q3_K_M,8192,14.78,fits,130048,54
qwen3.8-27b,Qwen3.8 27B,rtx-5090,RTX 5090 32 GB,FP16,8192,59.01,no,0,
qwen3.8-27b,Qwen3.8 27B,rtx-5090,RTX 5090 32 GB,Q8_0,8192,31.83,no,0,
qwen3.8-27b,Qwen3.8 27B,rtx-5090,RTX 5090 32 GB,Q6_K,8192,24.89,fits,92160,55
qwen3.8-27b,Qwen3.8 27B,rtx-5090,RTX 5090 32 GB,Q5_K_M,8192,21.71,fits,131072,64
qwen3.8-27b,Qwen3.8 27B,rtx-5090,RTX 5090 32 GB,Q4_K_M,8192,17.96,fits,131072,78
qwen3.8-27b,Qwen3.8 27B,rtx-5090,RTX 5090 32 GB,Q3_K_M,8192,14.78,fits,131072,96
qwen3.8-27b,Qwen3.8 27B,rtx-6000-ada,RTX 6000 Ada 48 GB,FP16,8192,59.01,no,0,
qwen3.8-27b,Qwen3.8 27B,rtx-6000-ada,RTX 6000 Ada 48 GB,Q8_0,8192,31.83,fits,131072,23
qwen3.8-27b,Qwen3.8 27B,rtx-6000-ada,RTX 6000 Ada 48 GB,Q6_K,8192,24.89,fits,131072,29
qwen3.8-27b,Qwen3.8 27B,rtx-6000-ada,RTX 6000 Ada 48 GB,Q5_K_M,8192,21.71,fits,131072,34
qwen3.8-27b,Qwen3.8 27B,rtx-6000-ada,RTX 6000 Ada 48 GB,Q4_K_M,8192,17.96,fits,131072,42
qwen3.8-27b,Qwen3.8 27B,rtx-6000-ada,RTX 6000 Ada 48 GB,Q3_K_M,8192,14.78,fits,131072,51
qwen3.8-27b,Qwen3.8 27B,l40s,L40S 48 GB,FP16,8192,59.01,no,0,
qwen3.8-27b,Qwen3.8 27B,l40s,L40S 48 GB,Q8_0,8192,31.83,fits,131072,21
qwen3.8-27b,Qwen3.8 27B,l40s,L40S 48 GB,Q6_K,8192,24.89,fits,131072,27
qwen3.8-27b,Qwen3.8 27B,l40s,L40S 48 GB,Q5_K_M,8192,21.71,fits,131072,31
qwen3.8-27b,Qwen3.8 27B,l40s,L40S 48 GB,Q4_K_M,8192,17.96,fits,131072,38
qwen3.8-27b,Qwen3.8 27B,l40s,L40S 48 GB,Q3_K_M,8192,14.78,fits,131072,46
qwen3.8-27b,Qwen3.8 27B,rtx-pro-6000,RTX PRO 6000 Blackwell 96 GB,FP16,8192,59.01,fits,131072,23
qwen3.8-27b,Qwen3.8 27B,rtx-pro-6000,RTX PRO 6000 Blackwell 96 GB,Q8_0,8192,31.83,fits,131072,43
qwen3.8-27b,Qwen3.8 27B,rtx-pro-6000,RTX PRO 6000 Blackwell 96 GB,Q6_K,8192,24.89,fits,131072,55
qwen3.8-27b,Qwen3.8 27B,rtx-pro-6000,RTX PRO 6000 Blackwell 96 GB,Q5_K_M,8192,21.71,fits,131072,64
qwen3.8-27b,Qwen3.8 27B,rtx-pro-6000,RTX PRO 6000 Blackwell 96 GB,Q4_K_M,8192,17.96,fits,131072,78
qwen3.8-27b,Qwen3.8 27B,rtx-pro-6000,RTX PRO 6000 Blackwell 96 GB,Q3_K_M,8192,14.78,fits,131072,96
qwen3.8-27b,Qwen3.8 27B,a100-80,A100 80 GB,FP16,8192,59.01,fits,131072,26
qwen3.8-27b,Qwen3.8 27B,a100-80,A100 80 GB,Q8_0,8192,31.83,fits,131072,48
qwen3.8-27b,Qwen3.8 27B,a100-80,A100 80 GB,Q6_K,8192,24.89,fits,131072,63
qwen3.8-27b,Qwen3.8 27B,a100-80,A100 80 GB,Q5_K_M,8192,21.71,fits,131072,72
qwen3.8-27b,Qwen3.8 27B,a100-80,A100 80 GB,Q4_K_M,8192,17.96,fits,131072,89
qwen3.8-27b,Qwen3.8 27B,a100-80,A100 80 GB,Q3_K_M,8192,14.78,fits,131072,109
qwen3.8-27b,Qwen3.8 27B,h100-sxm,H100 SXM 80 GB,FP16,8192,59.01,fits,131072,42
qwen3.8-27b,Qwen3.8 27B,h100-sxm,H100 SXM 80 GB,Q8_0,8192,31.83,fits,131072,80
qwen3.8-27b,Qwen3.8 27B,h100-sxm,H100 SXM 80 GB,Q6_K,8192,24.89,fits,131072,103
qwen3.8-27b,Qwen3.8 27B,h100-sxm,H100 SXM 80 GB,Q5_K_M,8192,21.71,fits,131072,119
qwen3.8-27b,Qwen3.8 27B,h100-sxm,H100 SXM 80 GB,Q4_K_M,8192,17.96,fits,131072,146
qwen3.8-27b,Qwen3.8 27B,h100-sxm,H100 SXM 80 GB,Q3_K_M,8192,14.78,fits,131072,180
qwen3.8-27b,Qwen3.8 27B,m2-ultra,Mac Studio M2 Ultra (unified),FP16,8192,59.01,fits,131072,10
qwen3.8-27b,Qwen3.8 27B,m2-ultra,Mac Studio M2 Ultra (unified),Q8_0,8192,31.83,fits,131072,19
qwen3.8-27b,Qwen3.8 27B,m2-ultra,Mac Studio M2 Ultra (unified),Q6_K,8192,24.89,fits,131072,25
qwen3.8-27b,Qwen3.8 27B,m2-ultra,Mac Studio M2 Ultra (unified),Q5_K_M,8192,21.71,fits,131072,28
qwen3.8-27b,Qwen3.8 27B,m2-ultra,Mac Studio M2 Ultra (unified),Q4_K_M,8192,17.96,fits,131072,35
qwen3.8-27b,Qwen3.8 27B,m2-ultra,Mac Studio M2 Ultra (unified),Q3_K_M,8192,14.78,fits,131072,43
qwen3.8-27b,Qwen3.8 27B,m4-max,MacBook Pro M4 Max (unified),FP16,8192,59.01,fits,131072,7
qwen3.8-27b,Qwen3.8 27B,m4-max,MacBook Pro M4 Max (unified),Q8_0,8192,31.83,fits,131072,13
qwen3.8-27b,Qwen3.8 27B,m4-max,MacBook Pro M4 Max (unified),Q6_K,8192,24.89,fits,131072,17
qwen3.8-27b,Qwen3.8 27B,m4-max,MacBook Pro M4 Max (unified),Q5_K_M,8192,21.71,fits,131072,19
qwen3.8-27b,Qwen3.8 27B,m4-max,MacBook Pro M4 Max (unified),Q4_K_M,8192,17.96,fits,131072,24
qwen3.8-27b,Qwen3.8 27B,m4-max,MacBook Pro M4 Max (unified),Q3_K_M,8192,14.78,fits,131072,29
qwen3-30b-a3b,Qwen3 30B-A3B (MoE),rtx-3060-12,RTX 3060 12 GB,FP16,8192,64.75,no,0,
qwen3-30b-a3b,Qwen3 30B-A3B (MoE),rtx-3060-12,RTX 3060 12 GB,Q8_0,8192,34.93,no,0,
qwen3-30b-a3b,Qwen3 30B-A3B (MoE),rtx-3060-12,RTX 3060 12 GB,Q6_K,8192,27.32,no,0,
qwen3-30b-a3b,Qwen3 30B-A3B (MoE),rtx-3060-12,RTX 3060 12 GB,Q5_K_M,8192,23.83,no,0,
qwen3-30b-a3b,Qwen3 30B-A3B (MoE),rtx-3060-12,RTX 3060 12 GB,Q4_K_M,8192,19.7,no,0,
qwen3-30b-a3b,Qwen3 30B-A3B (MoE),rtx-3060-12,RTX 3060 12 GB,Q3_K_M,8192,16.21,no,0,
qwen3-30b-a3b,Qwen3 30B-A3B (MoE),rtx-4060-ti-16,RTX 4060 Ti 16 GB,FP16,8192,64.75,no,0,
qwen3-30b-a3b,Qwen3 30B-A3B (MoE),rtx-4060-ti-16,RTX 4060 Ti 16 GB,Q8_0,8192,34.93,no,0,
qwen3-30b-a3b,Qwen3 30B-A3B (MoE),rtx-4060-ti-16,RTX 4060 Ti 16 GB,Q6_K,8192,27.32,no,0,
qwen3-30b-a3b,Qwen3 30B-A3B (MoE),rtx-4060-ti-16,RTX 4060 Ti 16 GB,Q5_K_M,8192,23.83,no,0,
qwen3-30b-a3b,Qwen3 30B-A3B (MoE),rtx-4060-ti-16,RTX 4060 Ti 16 GB,Q4_K_M,8192,19.7,no,0,
qwen3-30b-a3b,Qwen3 30B-A3B (MoE),rtx-4060-ti-16,RTX 4060 Ti 16 GB,Q3_K_M,8192,16.21,no,0,
qwen3-30b-a3b,Qwen3 30B-A3B (MoE),rtx-4070,RTX 4070 12 GB,FP16,8192,64.75,no,0,
qwen3-30b-a3b,Qwen3 30B-A3B (MoE),rtx-4070,RTX 4070 12 GB,Q8_0,8192,34.93,no,0,
qwen3-30b-a3b,Qwen3 30B-A3B (MoE),rtx-4070,RTX 4070 12 GB,Q6_K,8192,27.32,no,0,
qwen3-30b-a3b,Qwen3 30B-A3B (MoE),rtx-4070,RTX 4070 12 GB,Q5_K_M,8192,23.83,no,0,
qwen3-30b-a3b,Qwen3 30B-A3B (MoE),rtx-4070,RTX 4070 12 GB,Q4_K_M,8192,19.7,no,0,
qwen3-30b-a3b,Qwen3 30B-A3B (MoE),rtx-4070,RTX 4070 12 GB,Q3_K_M,8192,16.21,no,0,
qwen3-30b-a3b,Qwen3 30B-A3B (MoE),rtx-3090,RTX 3090 24 GB,FP16,8192,64.75,no,0,
qwen3-30b-a3b,Qwen3 30B-A3B (MoE),rtx-3090,RTX 3090 24 GB,Q8_0,8192,34.93,no,0,
qwen3-30b-a3b,Qwen3 30B-A3B (MoE),rtx-3090,RTX 3090 24 GB,Q6_K,8192,27.32,no,0,
qwen3-30b-a3b,Qwen3 30B-A3B (MoE),rtx-3090,RTX 3090 24 GB,Q5_K_M,8192,23.83,no,0,
qwen3-30b-a3b,Qwen3 30B-A3B (MoE),rtx-3090,RTX 3090 24 GB,Q4_K_M,8192,19.7,fits,38912,342
qwen3-30b-a3b,Qwen3 30B-A3B (MoE),rtx-3090,RTX 3090 24 GB,Q3_K_M,8192,16.21,fits,40960,422
qwen3-30b-a3b,Qwen3 30B-A3B (MoE),rtx-4090,RTX 4090 24 GB,FP16,8192,64.75,no,0,
qwen3-30b-a3b,Qwen3 30B-A3B (MoE),rtx-4090,RTX 4090 24 GB,Q8_0,8192,34.93,no,0,
qwen3-30b-a3b,Qwen3 30B-A3B (MoE),rtx-4090,RTX 4090 24 GB,Q6_K,8192,27.32,no,0,
qwen3-30b-a3b,Qwen3 30B-A3B (MoE),rtx-4090,RTX 4090 24 GB,Q5_K_M,8192,23.83,no,0,
qwen3-30b-a3b,Qwen3 30B-A3B (MoE),rtx-4090,RTX 4090 24 GB,Q4_K_M,8192,19.7,fits,38912,369
qwen3-30b-a3b,Qwen3 30B-A3B (MoE),rtx-4090,RTX 4090 24 GB,Q3_K_M,8192,16.21,fits,40960,455
qwen3-30b-a3b,Qwen3 30B-A3B (MoE),rtx-5090,RTX 5090 32 GB,FP16,8192,64.75,no,0,
qwen3-30b-a3b,Qwen3 30B-A3B (MoE),rtx-5090,RTX 5090 32 GB,Q8_0,8192,34.93,no,0,
qwen3-30b-a3b,Qwen3 30B-A3B (MoE),rtx-5090,RTX 5090 32 GB,Q6_K,8192,27.32,tight,38912,464
qwen3-30b-a3b,Qwen3 30B-A3B (MoE),rtx-5090,RTX 5090 32 GB,Q5_K_M,8192,23.83,fits,40960,535
qwen3-30b-a3b,Qwen3 30B-A3B (MoE),rtx-5090,RTX 5090 32 GB,Q4_K_M,8192,19.7,fits,40960,655
qwen3-30b-a3b,Qwen3 30B-A3B (MoE),rtx-5090,RTX 5090 32 GB,Q3_K_M,8192,16.21,fits,40960,809
qwen3-30b-a3b,Qwen3 30B-A3B (MoE),rtx-6000-ada,RTX 6000 Ada 48 GB,FP16,8192,64.75,no,0,
qwen3-30b-a3b,Qwen3 30B-A3B (MoE),rtx-6000-ada,RTX 6000 Ada 48 GB,Q8_0,8192,34.93,fits,40960,192
qwen3-30b-a3b,Qwen3 30B-A3B (MoE),rtx-6000-ada,RTX 6000 Ada 48 GB,Q6_K,8192,27.32,fits,40960,248
qwen3-30b-a3b,Qwen3 30B-A3B (MoE),rtx-6000-ada,RTX 6000 Ada 48 GB,Q5_K_M,8192,23.83,fits,40960,287
qwen3-30b-a3b,Qwen3 30B-A3B (MoE),rtx-6000-ada,RTX 6000 Ada 48 GB,Q4_K_M,8192,19.7,fits,40960,351
qwen3-30b-a3b,Qwen3 30B-A3B (MoE),rtx-6000-ada,RTX 6000 Ada 48 GB,Q3_K_M,8192,16.21,fits,40960,433
qwen3-30b-a3b,Qwen3 30B-A3B (MoE),l40s,L40S 48 GB,FP16,8192,64.75,no,0,
qwen3-30b-a3b,Qwen3 30B-A3B (MoE),l40s,L40S 48 GB,Q8_0,8192,34.93,fits,40960,173
qwen3-30b-a3b,Qwen3 30B-A3B (MoE),l40s,L40S 48 GB,Q6_K,8192,27.32,fits,40960,224
qwen3-30b-a3b,Qwen3 30B-A3B (MoE),l40s,L40S 48 GB,Q5_K_M,8192,23.83,fits,40960,258
qwen3-30b-a3b,Qwen3 30B-A3B (MoE),l40s,L40S 48 GB,Q4_K_M,8192,19.7,fits,40960,316
qwen3-30b-a3b,Qwen3 30B-A3B (MoE),l40s,L40S 48 GB,Q3_K_M,8192,16.21,fits,40960,390
qwen3-30b-a3b,Qwen3 30B-A3B (MoE),rtx-pro-6000,RTX PRO 6000 Blackwell 96 GB,FP16,8192,64.75,fits,40960,190
qwen3-30b-a3b,Qwen3 30B-A3B (MoE),rtx-pro-6000,RTX PRO 6000 Blackwell 96 GB,Q8_0,8192,34.93,fits,40960,359
qwen3-30b-a3b,Qwen3 30B-A3B (MoE),rtx-pro-6000,RTX PRO 6000 Blackwell 96 GB,Q6_K,8192,27.32,fits,40960,464
qwen3-30b-a3b,Qwen3 30B-A3B (MoE),rtx-pro-6000,RTX PRO 6000 Blackwell 96 GB,Q5_K_M,8192,23.83,fits,40960,535
qwen3-30b-a3b,Qwen3 30B-A3B (MoE),rtx-pro-6000,RTX PRO 6000 Blackwell 96 GB,Q4_K_M,8192,19.7,fits,40960,655
qwen3-30b-a3b,Qwen3 30B-A3B (MoE),rtx-pro-6000,RTX PRO 6000 Blackwell 96 GB,Q3_K_M,8192,16.21,fits,40960,809
qwen3-30b-a3b,Qwen3 30B-A3B (MoE),a100-80,A100 80 GB,FP16,8192,64.75,fits,40960,216
qwen3-30b-a3b,Qwen3 30B-A3B (MoE),a100-80,A100 80 GB,Q8_0,8192,34.93,fits,40960,408
qwen3-30b-a3b,Qwen3 30B-A3B (MoE),a100-80,A100 80 GB,Q6_K,8192,27.32,fits,40960,527
qwen3-30b-a3b,Qwen3 30B-A3B (MoE),a100-80,A100 80 GB,Q5_K_M,8192,23.83,fits,40960,609
qwen3-30b-a3b,Qwen3 30B-A3B (MoE),a100-80,A100 80 GB,Q4_K_M,8192,19.7,fits,40960,746
qwen3-30b-a3b,Qwen3 30B-A3B (MoE),a100-80,A100 80 GB,Q3_K_M,8192,16.21,fits,40960,920
qwen3-30b-a3b,Qwen3 30B-A3B (MoE),h100-sxm,H100 SXM 80 GB,FP16,8192,64.75,fits,40960,356
qwen3-30b-a3b,Qwen3 30B-A3B (MoE),h100-sxm,H100 SXM 80 GB,Q8_0,8192,34.93,fits,40960,671
qwen3-30b-a3b,Qwen3 30B-A3B (MoE),h100-sxm,H100 SXM 80 GB,Q6_K,8192,27.32,fits,40960,867
qwen3-30b-a3b,Qwen3 30B-A3B (MoE),h100-sxm,H100 SXM 80 GB,Q5_K_M,8192,23.83,fits,40960,1001
qwen3-30b-a3b,Qwen3 30B-A3B (MoE),h100-sxm,H100 SXM 80 GB,Q4_K_M,8192,19.7,fits,40960,1226
qwen3-30b-a3b,Qwen3 30B-A3B (MoE),h100-sxm,H100 SXM 80 GB,Q3_K_M,8192,16.21,fits,40960,1513
qwen3-30b-a3b,Qwen3 30B-A3B (MoE),m2-ultra,Mac Studio M2 Ultra (unified),FP16,8192,64.75,fits,40960,85
qwen3-30b-a3b,Qwen3 30B-A3B (MoE),m2-ultra,Mac Studio M2 Ultra (unified),Q8_0,8192,34.93,fits,40960,160
qwen3-30b-a3b,Qwen3 30B-A3B (MoE),m2-ultra,Mac Studio M2 Ultra (unified),Q6_K,8192,27.32,fits,40960,207
qwen3-30b-a3b,Qwen3 30B-A3B (MoE),m2-ultra,Mac Studio M2 Ultra (unified),Q5_K_M,8192,23.83,fits,40960,239
qwen3-30b-a3b,Qwen3 30B-A3B (MoE),m2-ultra,Mac Studio M2 Ultra (unified),Q4_K_M,8192,19.7,fits,40960,293
qwen3-30b-a3b,Qwen3 30B-A3B (MoE),m2-ultra,Mac Studio M2 Ultra (unified),Q3_K_M,8192,16.21,fits,40960,361
qwen3-30b-a3b,Qwen3 30B-A3B (MoE),m4-max,MacBook Pro M4 Max (unified),FP16,8192,64.75,fits,40960,58
qwen3-30b-a3b,Qwen3 30B-A3B (MoE),m4-max,MacBook Pro M4 Max (unified),Q8_0,8192,34.93,fits,40960,109
qwen3-30b-a3b,Qwen3 30B-A3B (MoE),m4-max,MacBook Pro M4 Max (unified),Q6_K,8192,27.32,fits,40960,141
qwen3-30b-a3b,Qwen3 30B-A3B (MoE),m4-max,MacBook Pro M4 Max (unified),Q5_K_M,8192,23.83,fits,40960,163
qwen3-30b-a3b,Qwen3 30B-A3B (MoE),m4-max,MacBook Pro M4 Max (unified),Q4_K_M,8192,19.7,fits,40960,200
qwen3-30b-a3b,Qwen3 30B-A3B (MoE),m4-max,MacBook Pro M4 Max (unified),Q3_K_M,8192,16.21,fits,40960,246
glm-4.7-flash,GLM-4.7 Flash 30B-A3B (MoE),rtx-3060-12,RTX 3060 12 GB,FP16,8192,65.84,no,0,
glm-4.7-flash,GLM-4.7 Flash 30B-A3B (MoE),rtx-3060-12,RTX 3060 12 GB,Q8_0,8192,35.34,no,0,
glm-4.7-flash,GLM-4.7 Flash 30B-A3B (MoE),rtx-3060-12,RTX 3060 12 GB,Q6_K,8192,27.55,no,0,
glm-4.7-flash,GLM-4.7 Flash 30B-A3B (MoE),rtx-3060-12,RTX 3060 12 GB,Q5_K_M,8192,23.98,no,0,
glm-4.7-flash,GLM-4.7 Flash 30B-A3B (MoE),rtx-3060-12,RTX 3060 12 GB,Q4_K_M,8192,19.76,no,0,
glm-4.7-flash,GLM-4.7 Flash 30B-A3B (MoE),rtx-3060-12,RTX 3060 12 GB,Q3_K_M,8192,16.19,no,0,
glm-4.7-flash,GLM-4.7 Flash 30B-A3B (MoE),rtx-4060-ti-16,RTX 4060 Ti 16 GB,FP16,8192,65.84,no,0,
glm-4.7-flash,GLM-4.7 Flash 30B-A3B (MoE),rtx-4060-ti-16,RTX 4060 Ti 16 GB,Q8_0,8192,35.34,no,0,
glm-4.7-flash,GLM-4.7 Flash 30B-A3B (MoE),rtx-4060-ti-16,RTX 4060 Ti 16 GB,Q6_K,8192,27.55,no,0,
glm-4.7-flash,GLM-4.7 Flash 30B-A3B (MoE),rtx-4060-ti-16,RTX 4060 Ti 16 GB,Q5_K_M,8192,23.98,no,0,
glm-4.7-flash,GLM-4.7 Flash 30B-A3B (MoE),rtx-4060-ti-16,RTX 4060 Ti 16 GB,Q4_K_M,8192,19.76,no,0,
glm-4.7-flash,GLM-4.7 Flash 30B-A3B (MoE),rtx-4060-ti-16,RTX 4060 Ti 16 GB,Q3_K_M,8192,16.19,no,0,
glm-4.7-flash,GLM-4.7 Flash 30B-A3B (MoE),rtx-4070,RTX 4070 12 GB,FP16,8192,65.84,no,0,
glm-4.7-flash,GLM-4.7 Flash 30B-A3B (MoE),rtx-4070,RTX 4070 12 GB,Q8_0,8192,35.34,no,0,
glm-4.7-flash,GLM-4.7 Flash 30B-A3B (MoE),rtx-4070,RTX 4070 12 GB,Q6_K,8192,27.55,no,0,
glm-4.7-flash,GLM-4.7 Flash 30B-A3B (MoE),rtx-4070,RTX 4070 12 GB,Q5_K_M,8192,23.98,no,0,
glm-4.7-flash,GLM-4.7 Flash 30B-A3B (MoE),rtx-4070,RTX 4070 12 GB,Q4_K_M,8192,19.76,no,0,
glm-4.7-flash,GLM-4.7 Flash 30B-A3B (MoE),rtx-4070,RTX 4070 12 GB,Q3_K_M,8192,16.19,no,0,
glm-4.7-flash,GLM-4.7 Flash 30B-A3B (MoE),rtx-3090,RTX 3090 24 GB,FP16,8192,65.84,no,0,
glm-4.7-flash,GLM-4.7 Flash 30B-A3B (MoE),rtx-3090,RTX 3090 24 GB,Q8_0,8192,35.34,no,0,
glm-4.7-flash,GLM-4.7 Flash 30B-A3B (MoE),rtx-3090,RTX 3090 24 GB,Q6_K,8192,27.55,no,0,
glm-4.7-flash,GLM-4.7 Flash 30B-A3B (MoE),rtx-3090,RTX 3090 24 GB,Q5_K_M,8192,23.98,no,0,
glm-4.7-flash,GLM-4.7 Flash 30B-A3B (MoE),rtx-3090,RTX 3090 24 GB,Q4_K_M,8192,19.76,fits,63488,377
glm-4.7-flash,GLM-4.7 Flash 30B-A3B (MoE),rtx-3090,RTX 3090 24 GB,Q3_K_M,8192,16.19,fits,130048,465
glm-4.7-flash,GLM-4.7 Flash 30B-A3B (MoE),rtx-4090,RTX 4090 24 GB,FP16,8192,65.84,no,0,
glm-4.7-flash,GLM-4.7 Flash 30B-A3B (MoE),rtx-4090,RTX 4090 24 GB,Q8_0,8192,35.34,no,0,
glm-4.7-flash,GLM-4.7 Flash 30B-A3B (MoE),rtx-4090,RTX 4090 24 GB,Q6_K,8192,27.55,no,0,
glm-4.7-flash,GLM-4.7 Flash 30B-A3B (MoE),rtx-4090,RTX 4090 24 GB,Q5_K_M,8192,23.98,no,0,
glm-4.7-flash,GLM-4.7 Flash 30B-A3B (MoE),rtx-4090,RTX 4090 24 GB,Q4_K_M,8192,19.76,fits,63488,406
glm-4.7-flash,GLM-4.7 Flash 30B-A3B (MoE),rtx-4090,RTX 4090 24 GB,Q3_K_M,8192,16.19,fits,130048,500
glm-4.7-flash,GLM-4.7 Flash 30B-A3B (MoE),rtx-5090,RTX 5090 32 GB,FP16,8192,65.84,no,0,
glm-4.7-flash,GLM-4.7 Flash 30B-A3B (MoE),rtx-5090,RTX 5090 32 GB,Q8_0,8192,35.34,no,0,
glm-4.7-flash,GLM-4.7 Flash 30B-A3B (MoE),rtx-5090,RTX 5090 32 GB,Q6_K,8192,27.55,tight,60416,510
glm-4.7-flash,GLM-4.7 Flash 30B-A3B (MoE),rtx-5090,RTX 5090 32 GB,Q5_K_M,8192,23.98,fits,125952,589
glm-4.7-flash,GLM-4.7 Flash 30B-A3B (MoE),rtx-5090,RTX 5090 32 GB,Q4_K_M,8192,19.76,fits,131072,721
glm-4.7-flash,GLM-4.7 Flash 30B-A3B (MoE),rtx-5090,RTX 5090 32 GB,Q3_K_M,8192,16.19,fits,131072,890
glm-4.7-flash,GLM-4.7 Flash 30B-A3B (MoE),rtx-6000-ada,RTX 6000 Ada 48 GB,FP16,8192,65.84,no,0,
glm-4.7-flash,GLM-4.7 Flash 30B-A3B (MoE),rtx-6000-ada,RTX 6000 Ada 48 GB,Q8_0,8192,35.34,fits,131072,211
glm-4.7-flash,GLM-4.7 Flash 30B-A3B (MoE),rtx-6000-ada,RTX 6000 Ada 48 GB,Q6_K,8192,27.55,fits,131072,273
glm-4.7-flash,GLM-4.7 Flash 30B-A3B (MoE),rtx-6000-ada,RTX 6000 Ada 48 GB,Q5_K_M,8192,23.98,fits,131072,315
glm-4.7-flash,GLM-4.7 Flash 30B-A3B (MoE),rtx-6000-ada,RTX 6000 Ada 48 GB,Q4_K_M,8192,19.76,fits,131072,386
glm-4.7-flash,GLM-4.7 Flash 30B-A3B (MoE),rtx-6000-ada,RTX 6000 Ada 48 GB,Q3_K_M,8192,16.19,fits,131072,477
glm-4.7-flash,GLM-4.7 Flash 30B-A3B (MoE),l40s,L40S 48 GB,FP16,8192,65.84,no,0,
glm-4.7-flash,GLM-4.7 Flash 30B-A3B (MoE),l40s,L40S 48 GB,Q8_0,8192,35.34,fits,131072,190
glm-4.7-flash,GLM-4.7 Flash 30B-A3B (MoE),l40s,L40S 48 GB,Q6_K,8192,27.55,fits,131072,246
glm-4.7-flash,GLM-4.7 Flash 30B-A3B (MoE),l40s,L40S 48 GB,Q5_K_M,8192,23.98,fits,131072,284
glm-4.7-flash,GLM-4.7 Flash 30B-A3B (MoE),l40s,L40S 48 GB,Q4_K_M,8192,19.76,fits,131072,348
glm-4.7-flash,GLM-4.7 Flash 30B-A3B (MoE),l40s,L40S 48 GB,Q3_K_M,8192,16.19,fits,131072,429
glm-4.7-flash,GLM-4.7 Flash 30B-A3B (MoE),rtx-pro-6000,RTX PRO 6000 Blackwell 96 GB,FP16,8192,65.84,fits,131072,209
glm-4.7-flash,GLM-4.7 Flash 30B-A3B (MoE),rtx-pro-6000,RTX PRO 6000 Blackwell 96 GB,Q8_0,8192,35.34,fits,131072,394
glm-4.7-flash,GLM-4.7 Flash 30B-A3B (MoE),rtx-pro-6000,RTX PRO 6000 Blackwell 96 GB,Q6_K,8192,27.55,fits,131072,510
glm-4.7-flash,GLM-4.7 Flash 30B-A3B (MoE),rtx-pro-6000,RTX PRO 6000 Blackwell 96 GB,Q5_K_M,8192,23.98,fits,131072,589
glm-4.7-flash,GLM-4.7 Flash 30B-A3B (MoE),rtx-pro-6000,RTX PRO 6000 Blackwell 96 GB,Q4_K_M,8192,19.76,fits,131072,721
glm-4.7-flash,GLM-4.7 Flash 30B-A3B (MoE),rtx-pro-6000,RTX PRO 6000 Blackwell 96 GB,Q3_K_M,8192,16.19,fits,131072,890
glm-4.7-flash,GLM-4.7 Flash 30B-A3B (MoE),a100-80,A100 80 GB,FP16,8192,65.84,fits,131072,238
glm-4.7-flash,GLM-4.7 Flash 30B-A3B (MoE),a100-80,A100 80 GB,Q8_0,8192,35.34,fits,131072,449
glm-4.7-flash,GLM-4.7 Flash 30B-A3B (MoE),a100-80,A100 80 GB,Q6_K,8192,27.55,fits,131072,580
glm-4.7-flash,GLM-4.7 Flash 30B-A3B (MoE),a100-80,A100 80 GB,Q5_K_M,8192,23.98,fits,131072,670
glm-4.7-flash,GLM-4.7 Flash 30B-A3B (MoE),a100-80,A100 80 GB,Q4_K_M,8192,19.76,fits,131072,820
glm-4.7-flash,GLM-4.7 Flash 30B-A3B (MoE),a100-80,A100 80 GB,Q3_K_M,8192,16.19,fits,131072,1012
glm-4.7-flash,GLM-4.7 Flash 30B-A3B (MoE),h100-sxm,H100 SXM 80 GB,FP16,8192,65.84,fits,131072,391
glm-4.7-flash,GLM-4.7 Flash 30B-A3B (MoE),h100-sxm,H100 SXM 80 GB,Q8_0,8192,35.34,fits,131072,738
glm-4.7-flash,GLM-4.7 Flash 30B-A3B (MoE),h100-sxm,H100 SXM 80 GB,Q6_K,8192,27.55,fits,131072,954
glm-4.7-flash,GLM-4.7 Flash 30B-A3B (MoE),h100-sxm,H100 SXM 80 GB,Q5_K_M,8192,23.98,fits,131072,1102
glm-4.7-flash,GLM-4.7 Flash 30B-A3B (MoE),h100-sxm,H100 SXM 80 GB,Q4_K_M,8192,19.76,fits,131072,1349
glm-4.7-flash,GLM-4.7 Flash 30B-A3B (MoE),h100-sxm,H100 SXM 80 GB,Q3_K_M,8192,16.19,fits,131072,1664
glm-4.7-flash,GLM-4.7 Flash 30B-A3B (MoE),m2-ultra,Mac Studio M2 Ultra (unified),FP16,8192,65.84,fits,131072,93
glm-4.7-flash,GLM-4.7 Flash 30B-A3B (MoE),m2-ultra,Mac Studio M2 Ultra (unified),Q8_0,8192,35.34,fits,131072,176
glm-4.7-flash,GLM-4.7 Flash 30B-A3B (MoE),m2-ultra,Mac Studio M2 Ultra (unified),Q6_K,8192,27.55,fits,131072,228
glm-4.7-flash,GLM-4.7 Flash 30B-A3B (MoE),m2-ultra,Mac Studio M2 Ultra (unified),Q5_K_M,8192,23.98,fits,131072,263
glm-4.7-flash,GLM-4.7 Flash 30B-A3B (MoE),m2-ultra,Mac Studio M2 Ultra (unified),Q4_K_M,8192,19.76,fits,131072,322
glm-4.7-flash,GLM-4.7 Flash 30B-A3B (MoE),m2-ultra,Mac Studio M2 Ultra (unified),Q3_K_M,8192,16.19,fits,131072,397
glm-4.7-flash,GLM-4.7 Flash 30B-A3B (MoE),m4-max,MacBook Pro M4 Max (unified),FP16,8192,65.84,fits,131072,64
glm-4.7-flash,GLM-4.7 Flash 30B-A3B (MoE),m4-max,MacBook Pro M4 Max (unified),Q8_0,8192,35.34,fits,131072,120
glm-4.7-flash,GLM-4.7 Flash 30B-A3B (MoE),m4-max,MacBook Pro M4 Max (unified),Q6_K,8192,27.55,fits,131072,155
glm-4.7-flash,GLM-4.7 Flash 30B-A3B (MoE),m4-max,MacBook Pro M4 Max (unified),Q5_K_M,8192,23.98,fits,131072,179
glm-4.7-flash,GLM-4.7 Flash 30B-A3B (MoE),m4-max,MacBook Pro M4 Max (unified),Q4_K_M,8192,19.76,fits,131072,220
glm-4.7-flash,GLM-4.7 Flash 30B-A3B (MoE),m4-max,MacBook Pro M4 Max (unified),Q3_K_M,8192,16.19,fits,131072,271
gemma-4-31b,Gemma 4 31B,rtx-3060-12,RTX 3060 12 GB,FP16,8192,67.11,no,0,
gemma-4-31b,Gemma 4 31B,rtx-3060-12,RTX 3060 12 GB,Q8_0,8192,36.52,no,0,
gemma-4-31b,Gemma 4 31B,rtx-3060-12,RTX 3060 12 GB,Q6_K,8192,28.7,no,0,
gemma-4-31b,Gemma 4 31B,rtx-3060-12,RTX 3060 12 GB,Q5_K_M,8192,25.12,no,0,
gemma-4-31b,Gemma 4 31B,rtx-3060-12,RTX 3060 12 GB,Q4_K_M,8192,20.89,no,0,
gemma-4-31b,Gemma 4 31B,rtx-3060-12,RTX 3060 12 GB,Q3_K_M,8192,17.31,no,0,
gemma-4-31b,Gemma 4 31B,rtx-4060-ti-16,RTX 4060 Ti 16 GB,FP16,8192,67.11,no,0,
gemma-4-31b,Gemma 4 31B,rtx-4060-ti-16,RTX 4060 Ti 16 GB,Q8_0,8192,36.52,no,0,
gemma-4-31b,Gemma 4 31B,rtx-4060-ti-16,RTX 4060 Ti 16 GB,Q6_K,8192,28.7,no,0,
gemma-4-31b,Gemma 4 31B,rtx-4060-ti-16,RTX 4060 Ti 16 GB,Q5_K_M,8192,25.12,no,0,
gemma-4-31b,Gemma 4 31B,rtx-4060-ti-16,RTX 4060 Ti 16 GB,Q4_K_M,8192,20.89,no,0,
gemma-4-31b,Gemma 4 31B,rtx-4060-ti-16,RTX 4060 Ti 16 GB,Q3_K_M,8192,17.31,no,0,
gemma-4-31b,Gemma 4 31B,rtx-4070,RTX 4070 12 GB,FP16,8192,67.11,no,0,
gemma-4-31b,Gemma 4 31B,rtx-4070,RTX 4070 12 GB,Q8_0,8192,36.52,no,0,
gemma-4-31b,Gemma 4 31B,rtx-4070,RTX 4070 12 GB,Q6_K,8192,28.7,no,0,
gemma-4-31b,Gemma 4 31B,rtx-4070,RTX 4070 12 GB,Q5_K_M,8192,25.12,no,0,
gemma-4-31b,Gemma 4 31B,rtx-4070,RTX 4070 12 GB,Q4_K_M,8192,20.89,no,0,
gemma-4-31b,Gemma 4 31B,rtx-4070,RTX 4070 12 GB,Q3_K_M,8192,17.31,no,0,
gemma-4-31b,Gemma 4 31B,rtx-3090,RTX 3090 24 GB,FP16,8192,67.11,no,0,
gemma-4-31b,Gemma 4 31B,rtx-3090,RTX 3090 24 GB,Q8_0,8192,36.52,no,0,
gemma-4-31b,Gemma 4 31B,rtx-3090,RTX 3090 24 GB,Q6_K,8192,28.7,no,0,
gemma-4-31b,Gemma 4 31B,rtx-3090,RTX 3090 24 GB,Q5_K_M,8192,25.12,no,0,
gemma-4-31b,Gemma 4 31B,rtx-3090,RTX 3090 24 GB,Q4_K_M,8192,20.89,tight,30720,36
gemma-4-31b,Gemma 4 31B,rtx-3090,RTX 3090 24 GB,Q3_K_M,8192,17.31,fits,74752,45
gemma-4-31b,Gemma 4 31B,rtx-4090,RTX 4090 24 GB,FP16,8192,67.11,no,0,
gemma-4-31b,Gemma 4 31B,rtx-4090,RTX 4090 24 GB,Q8_0,8192,36.52,no,0,
gemma-4-31b,Gemma 4 31B,rtx-4090,RTX 4090 24 GB,Q6_K,8192,28.7,no,0,
gemma-4-31b,Gemma 4 31B,rtx-4090,RTX 4090 24 GB,Q5_K_M,8192,25.12,no,0,
gemma-4-31b,Gemma 4 31B,rtx-4090,RTX 4090 24 GB,Q4_K_M,8192,20.89,tight,30720,39
gemma-4-31b,Gemma 4 31B,rtx-4090,RTX 4090 24 GB,Q3_K_M,8192,17.31,fits,74752,48
gemma-4-31b,Gemma 4 31B,rtx-5090,RTX 5090 32 GB,FP16,8192,67.11,no,0,
gemma-4-31b,Gemma 4 31B,rtx-5090,RTX 5090 32 GB,Q8_0,8192,36.52,no,0,
gemma-4-31b,Gemma 4 31B,rtx-5090,RTX 5090 32 GB,Q6_K,8192,28.7,tight,28672,49
gemma-4-31b,Gemma 4 31B,rtx-5090,RTX 5090 32 GB,Q5_K_M,8192,25.12,fits,71680,56
gemma-4-31b,Gemma 4 31B,rtx-5090,RTX 5090 32 GB,Q4_K_M,8192,20.89,fits,123904,69
gemma-4-31b,Gemma 4 31B,rtx-5090,RTX 5090 32 GB,Q3_K_M,8192,17.31,fits,131072,85
gemma-4-31b,Gemma 4 31B,rtx-6000-ada,RTX 6000 Ada 48 GB,FP16,8192,67.11,no,0,
gemma-4-31b,Gemma 4 31B,rtx-6000-ada,RTX 6000 Ada 48 GB,Q8_0,8192,36.52,fits,118784,20
gemma-4-31b,Gemma 4 31B,rtx-6000-ada,RTX 6000 Ada 48 GB,Q6_K,8192,28.7,fits,131072,26
gemma-4-31b,Gemma 4 31B,rtx-6000-ada,RTX 6000 Ada 48 GB,Q5_K_M,8192,25.12,fits,131072,30
gemma-4-31b,Gemma 4 31B,rtx-6000-ada,RTX 6000 Ada 48 GB,Q4_K_M,8192,20.89,fits,131072,37
gemma-4-31b,Gemma 4 31B,rtx-6000-ada,RTX 6000 Ada 48 GB,Q3_K_M,8192,17.31,fits,131072,46
gemma-4-31b,Gemma 4 31B,l40s,L40S 48 GB,FP16,8192,67.11,no,0,
gemma-4-31b,Gemma 4 31B,l40s,L40S 48 GB,Q8_0,8192,36.52,fits,118784,18
gemma-4-31b,Gemma 4 31B,l40s,L40S 48 GB,Q6_K,8192,28.7,fits,131072,24
gemma-4-31b,Gemma 4 31B,l40s,L40S 48 GB,Q5_K_M,8192,25.12,fits,131072,27
gemma-4-31b,Gemma 4 31B,l40s,L40S 48 GB,Q4_K_M,8192,20.89,fits,131072,33
gemma-4-31b,Gemma 4 31B,l40s,L40S 48 GB,Q3_K_M,8192,17.31,fits,131072,41
gemma-4-31b,Gemma 4 31B,rtx-pro-6000,RTX PRO 6000 Blackwell 96 GB,FP16,8192,67.11,fits,131072,20
gemma-4-31b,Gemma 4 31B,rtx-pro-6000,RTX PRO 6000 Blackwell 96 GB,Q8_0,8192,36.52,fits,131072,38
gemma-4-31b,Gemma 4 31B,rtx-pro-6000,RTX PRO 6000 Blackwell 96 GB,Q6_K,8192,28.7,fits,131072,49
gemma-4-31b,Gemma 4 31B,rtx-pro-6000,RTX PRO 6000 Blackwell 96 GB,Q5_K_M,8192,25.12,fits,131072,56
gemma-4-31b,Gemma 4 31B,rtx-pro-6000,RTX PRO 6000 Blackwell 96 GB,Q4_K_M,8192,20.89,fits,131072,69
gemma-4-31b,Gemma 4 31B,rtx-pro-6000,RTX PRO 6000 Blackwell 96 GB,Q3_K_M,8192,17.31,fits,131072,85
gemma-4-31b,Gemma 4 31B,a100-80,A100 80 GB,FP16,8192,67.11,fits,115712,23
gemma-4-31b,Gemma 4 31B,a100-80,A100 80 GB,Q8_0,8192,36.52,fits,131072,43
gemma-4-31b,Gemma 4 31B,a100-80,A100 80 GB,Q6_K,8192,28.7,fits,131072,56
gemma-4-31b,Gemma 4 31B,a100-80,A100 80 GB,Q5_K_M,8192,25.12,fits,131072,64
gemma-4-31b,Gemma 4 31B,a100-80,A100 80 GB,Q4_K_M,8192,20.89,fits,131072,79
gemma-4-31b,Gemma 4 31B,a100-80,A100 80 GB,Q3_K_M,8192,17.31,fits,131072,97
gemma-4-31b,Gemma 4 31B,h100-sxm,H100 SXM 80 GB,FP16,8192,67.11,fits,115712,37
gemma-4-31b,Gemma 4 31B,h100-sxm,H100 SXM 80 GB,Q8_0,8192,36.52,fits,131072,71
gemma-4-31b,Gemma 4 31B,h100-sxm,H100 SXM 80 GB,Q6_K,8192,28.7,fits,131072,91
gemma-4-31b,Gemma 4 31B,h100-sxm,H100 SXM 80 GB,Q5_K_M,8192,25.12,fits,131072,106
gemma-4-31b,Gemma 4 31B,h100-sxm,H100 SXM 80 GB,Q4_K_M,8192,20.89,fits,131072,129
gemma-4-31b,Gemma 4 31B,h100-sxm,H100 SXM 80 GB,Q3_K_M,8192,17.31,fits,131072,159
gemma-4-31b,Gemma 4 31B,m2-ultra,Mac Studio M2 Ultra (unified),FP16,8192,67.11,fits,131072,9
gemma-4-31b,Gemma 4 31B,m2-ultra,Mac Studio M2 Ultra (unified),Q8_0,8192,36.52,fits,131072,17
gemma-4-31b,Gemma 4 31B,m2-ultra,Mac Studio M2 Ultra (unified),Q6_K,8192,28.7,fits,131072,22
gemma-4-31b,Gemma 4 31B,m2-ultra,Mac Studio M2 Ultra (unified),Q5_K_M,8192,25.12,fits,131072,25
gemma-4-31b,Gemma 4 31B,m2-ultra,Mac Studio M2 Ultra (unified),Q4_K_M,8192,20.89,fits,131072,31
gemma-4-31b,Gemma 4 31B,m2-ultra,Mac Studio M2 Ultra (unified),Q3_K_M,8192,17.31,fits,131072,38
gemma-4-31b,Gemma 4 31B,m4-max,MacBook Pro M4 Max (unified),FP16,8192,67.11,fits,131072,6
gemma-4-31b,Gemma 4 31B,m4-max,MacBook Pro M4 Max (unified),Q8_0,8192,36.52,fits,131072,12
gemma-4-31b,Gemma 4 31B,m4-max,MacBook Pro M4 Max (unified),Q6_K,8192,28.7,fits,131072,15
gemma-4-31b,Gemma 4 31B,m4-max,MacBook Pro M4 Max (unified),Q5_K_M,8192,25.12,fits,131072,17
gemma-4-31b,Gemma 4 31B,m4-max,MacBook Pro M4 Max (unified),Q4_K_M,8192,20.89,fits,131072,21
gemma-4-31b,Gemma 4 31B,m4-max,MacBook Pro M4 Max (unified),Q3_K_M,8192,17.31,fits,131072,26
nemotron-3.5-lightning-30b-a3b,Nemotron 3.5 Lightning 30B-A3B (MoE),rtx-3060-12,RTX 3060 12 GB,FP16,8192,66.33,no,0,
nemotron-3.5-lightning-30b-a3b,Nemotron 3.5 Lightning 30B-A3B (MoE),rtx-3060-12,RTX 3060 12 GB,Q8_0,8192,35.44,no,0,
nemotron-3.5-lightning-30b-a3b,Nemotron 3.5 Lightning 30B-A3B (MoE),rtx-3060-12,RTX 3060 12 GB,Q6_K,8192,27.55,no,0,
nemotron-3.5-lightning-30b-a3b,Nemotron 3.5 Lightning 30B-A3B (MoE),rtx-3060-12,RTX 3060 12 GB,Q5_K_M,8192,23.93,no,0,
nemotron-3.5-lightning-30b-a3b,Nemotron 3.5 Lightning 30B-A3B (MoE),rtx-3060-12,RTX 3060 12 GB,Q4_K_M,8192,19.66,no,0,
nemotron-3.5-lightning-30b-a3b,Nemotron 3.5 Lightning 30B-A3B (MoE),rtx-3060-12,RTX 3060 12 GB,Q3_K_M,8192,16.05,no,0,
nemotron-3.5-lightning-30b-a3b,Nemotron 3.5 Lightning 30B-A3B (MoE),rtx-4060-ti-16,RTX 4060 Ti 16 GB,FP16,8192,66.33,no,0,
nemotron-3.5-lightning-30b-a3b,Nemotron 3.5 Lightning 30B-A3B (MoE),rtx-4060-ti-16,RTX 4060 Ti 16 GB,Q8_0,8192,35.44,no,0,
nemotron-3.5-lightning-30b-a3b,Nemotron 3.5 Lightning 30B-A3B (MoE),rtx-4060-ti-16,RTX 4060 Ti 16 GB,Q6_K,8192,27.55,no,0,
nemotron-3.5-lightning-30b-a3b,Nemotron 3.5 Lightning 30B-A3B (MoE),rtx-4060-ti-16,RTX 4060 Ti 16 GB,Q5_K_M,8192,23.93,no,0,
nemotron-3.5-lightning-30b-a3b,Nemotron 3.5 Lightning 30B-A3B (MoE),rtx-4060-ti-16,RTX 4060 Ti 16 GB,Q4_K_M,8192,19.66,no,0,
nemotron-3.5-lightning-30b-a3b,Nemotron 3.5 Lightning 30B-A3B (MoE),rtx-4060-ti-16,RTX 4060 Ti 16 GB,Q3_K_M,8192,16.05,no,0,
nemotron-3.5-lightning-30b-a3b,Nemotron 3.5 Lightning 30B-A3B (MoE),rtx-4070,RTX 4070 12 GB,FP16,8192,66.33,no,0,
nemotron-3.5-lightning-30b-a3b,Nemotron 3.5 Lightning 30B-A3B (MoE),rtx-4070,RTX 4070 12 GB,Q8_0,8192,35.44,no,0,
nemotron-3.5-lightning-30b-a3b,Nemotron 3.5 Lightning 30B-A3B (MoE),rtx-4070,RTX 4070 12 GB,Q6_K,8192,27.55,no,0,
nemotron-3.5-lightning-30b-a3b,Nemotron 3.5 Lightning 30B-A3B (MoE),rtx-4070,RTX 4070 12 GB,Q5_K_M,8192,23.93,no,0,
nemotron-3.5-lightning-30b-a3b,Nemotron 3.5 Lightning 30B-A3B (MoE),rtx-4070,RTX 4070 12 GB,Q4_K_M,8192,19.66,no,0,
nemotron-3.5-lightning-30b-a3b,Nemotron 3.5 Lightning 30B-A3B (MoE),rtx-4070,RTX 4070 12 GB,Q3_K_M,8192,16.05,no,0,
nemotron-3.5-lightning-30b-a3b,Nemotron 3.5 Lightning 30B-A3B (MoE),rtx-3090,RTX 3090 24 GB,FP16,8192,66.33,no,0,
nemotron-3.5-lightning-30b-a3b,Nemotron 3.5 Lightning 30B-A3B (MoE),rtx-3090,RTX 3090 24 GB,Q8_0,8192,35.44,no,0,
nemotron-3.5-lightning-30b-a3b,Nemotron 3.5 Lightning 30B-A3B (MoE),rtx-3090,RTX 3090 24 GB,Q6_K,8192,27.55,no,0,
nemotron-3.5-lightning-30b-a3b,Nemotron 3.5 Lightning 30B-A3B (MoE),rtx-3090,RTX 3090 24 GB,Q5_K_M,8192,23.93,no,0,
nemotron-3.5-lightning-30b-a3b,Nemotron 3.5 Lightning 30B-A3B (MoE),rtx-3090,RTX 3090 24 GB,Q4_K_M,8192,19.66,fits,131072,377
nemotron-3.5-lightning-30b-a3b,Nemotron 3.5 Lightning 30B-A3B (MoE),rtx-3090,RTX 3090 24 GB,Q3_K_M,8192,16.05,fits,131072,465
nemotron-3.5-lightning-30b-a3b,Nemotron 3.5 Lightning 30B-A3B (MoE),rtx-4090,RTX 4090 24 GB,FP16,8192,66.33,no,0,
nemotron-3.5-lightning-30b-a3b,Nemotron 3.5 Lightning 30B-A3B (MoE),rtx-4090,RTX 4090 24 GB,Q8_0,8192,35.44,no,0,
nemotron-3.5-lightning-30b-a3b,Nemotron 3.5 Lightning 30B-A3B (MoE),rtx-4090,RTX 4090 24 GB,Q6_K,8192,27.55,no,0,
nemotron-3.5-lightning-30b-a3b,Nemotron 3.5 Lightning 30B-A3B (MoE),rtx-4090,RTX 4090 24 GB,Q5_K_M,8192,23.93,no,0,
nemotron-3.5-lightning-30b-a3b,Nemotron 3.5 Lightning 30B-A3B (MoE),rtx-4090,RTX 4090 24 GB,Q4_K_M,8192,19.66,fits,131072,406
nemotron-3.5-lightning-30b-a3b,Nemotron 3.5 Lightning 30B-A3B (MoE),rtx-4090,RTX 4090 24 GB,Q3_K_M,8192,16.05,fits,131072,500
nemotron-3.5-lightning-30b-a3b,Nemotron 3.5 Lightning 30B-A3B (MoE),rtx-5090,RTX 5090 32 GB,FP16,8192,66.33,no,0,
nemotron-3.5-lightning-30b-a3b,Nemotron 3.5 Lightning 30B-A3B (MoE),rtx-5090,RTX 5090 32 GB,Q8_0,8192,35.44,no,0,
nemotron-3.5-lightning-30b-a3b,Nemotron 3.5 Lightning 30B-A3B (MoE),rtx-5090,RTX 5090 32 GB,Q6_K,8192,27.55,tight,131072,510
nemotron-3.5-lightning-30b-a3b,Nemotron 3.5 Lightning 30B-A3B (MoE),rtx-5090,RTX 5090 32 GB,Q5_K_M,8192,23.93,fits,131072,589
nemotron-3.5-lightning-30b-a3b,Nemotron 3.5 Lightning 30B-A3B (MoE),rtx-5090,RTX 5090 32 GB,Q4_K_M,8192,19.66,fits,131072,721
nemotron-3.5-lightning-30b-a3b,Nemotron 3.5 Lightning 30B-A3B (MoE),rtx-5090,RTX 5090 32 GB,Q3_K_M,8192,16.05,fits,131072,890
nemotron-3.5-lightning-30b-a3b,Nemotron 3.5 Lightning 30B-A3B (MoE),rtx-6000-ada,RTX 6000 Ada 48 GB,FP16,8192,66.33,no,0,
nemotron-3.5-lightning-30b-a3b,Nemotron 3.5 Lightning 30B-A3B (MoE),rtx-6000-ada,RTX 6000 Ada 48 GB,Q8_0,8192,35.44,fits,131072,211
nemotron-3.5-lightning-30b-a3b,Nemotron 3.5 Lightning 30B-A3B (MoE),rtx-6000-ada,RTX 6000 Ada 48 GB,Q6_K,8192,27.55,fits,131072,273
nemotron-3.5-lightning-30b-a3b,Nemotron 3.5 Lightning 30B-A3B (MoE),rtx-6000-ada,RTX 6000 Ada 48 GB,Q5_K_M,8192,23.93,fits,131072,315
nemotron-3.5-lightning-30b-a3b,Nemotron 3.5 Lightning 30B-A3B (MoE),rtx-6000-ada,RTX 6000 Ada 48 GB,Q4_K_M,8192,19.66,fits,131072,386
nemotron-3.5-lightning-30b-a3b,Nemotron 3.5 Lightning 30B-A3B (MoE),rtx-6000-ada,RTX 6000 Ada 48 GB,Q3_K_M,8192,16.05,fits,131072,477
nemotron-3.5-lightning-30b-a3b,Nemotron 3.5 Lightning 30B-A3B (MoE),l40s,L40S 48 GB,FP16,8192,66.33,no,0,
nemotron-3.5-lightning-30b-a3b,Nemotron 3.5 Lightning 30B-A3B (MoE),l40s,L40S 48 GB,Q8_0,8192,35.44,fits,131072,190
nemotron-3.5-lightning-30b-a3b,Nemotron 3.5 Lightning 30B-A3B (MoE),l40s,L40S 48 GB,Q6_K,8192,27.55,fits,131072,246
nemotron-3.5-lightning-30b-a3b,Nemotron 3.5 Lightning 30B-A3B (MoE),l40s,L40S 48 GB,Q5_K_M,8192,23.93,fits,131072,284
nemotron-3.5-lightning-30b-a3b,Nemotron 3.5 Lightning 30B-A3B (MoE),l40s,L40S 48 GB,Q4_K_M,8192,19.66,fits,131072,348
nemotron-3.5-lightning-30b-a3b,Nemotron 3.5 Lightning 30B-A3B (MoE),l40s,L40S 48 GB,Q3_K_M,8192,16.05,fits,131072,429
nemotron-3.5-lightning-30b-a3b,Nemotron 3.5 Lightning 30B-A3B (MoE),rtx-pro-6000,RTX PRO 6000 Blackwell 96 GB,FP16,8192,66.33,fits,131072,209
nemotron-3.5-lightning-30b-a3b,Nemotron 3.5 Lightning 30B-A3B (MoE),rtx-pro-6000,RTX PRO 6000 Blackwell 96 GB,Q8_0,8192,35.44,fits,131072,394
nemotron-3.5-lightning-30b-a3b,Nemotron 3.5 Lightning 30B-A3B (MoE),rtx-pro-6000,RTX PRO 6000 Blackwell 96 GB,Q6_K,8192,27.55,fits,131072,510
nemotron-3.5-lightning-30b-a3b,Nemotron 3.5 Lightning 30B-A3B (MoE),rtx-pro-6000,RTX PRO 6000 Blackwell 96 GB,Q5_K_M,8192,23.93,fits,131072,589
nemotron-3.5-lightning-30b-a3b,Nemotron 3.5 Lightning 30B-A3B (MoE),rtx-pro-6000,RTX PRO 6000 Blackwell 96 GB,Q4_K_M,8192,19.66,fits,131072,721
nemotron-3.5-lightning-30b-a3b,Nemotron 3.5 Lightning 30B-A3B (MoE),rtx-pro-6000,RTX PRO 6000 Blackwell 96 GB,Q3_K_M,8192,16.05,fits,131072,890
nemotron-3.5-lightning-30b-a3b,Nemotron 3.5 Lightning 30B-A3B (MoE),a100-80,A100 80 GB,FP16,8192,66.33,fits,131072,238
nemotron-3.5-lightning-30b-a3b,Nemotron 3.5 Lightning 30B-A3B (MoE),a100-80,A100 80 GB,Q8_0,8192,35.44,fits,131072,449
nemotron-3.5-lightning-30b-a3b,Nemotron 3.5 Lightning 30B-A3B (MoE),a100-80,A100 80 GB,Q6_K,8192,27.55,fits,131072,580
nemotron-3.5-lightning-30b-a3b,Nemotron 3.5 Lightning 30B-A3B (MoE),a100-80,A100 80 GB,Q5_K_M,8192,23.93,fits,131072,670
nemotron-3.5-lightning-30b-a3b,Nemotron 3.5 Lightning 30B-A3B (MoE),a100-80,A100 80 GB,Q4_K_M,8192,19.66,fits,131072,820
nemotron-3.5-lightning-30b-a3b,Nemotron 3.5 Lightning 30B-A3B (MoE),a100-80,A100 80 GB,Q3_K_M,8192,16.05,fits,131072,1012
nemotron-3.5-lightning-30b-a3b,Nemotron 3.5 Lightning 30B-A3B (MoE),h100-sxm,H100 SXM 80 GB,FP16,8192,66.33,fits,131072,391
nemotron-3.5-lightning-30b-a3b,Nemotron 3.5 Lightning 30B-A3B (MoE),h100-sxm,H100 SXM 80 GB,Q8_0,8192,35.44,fits,131072,738
nemotron-3.5-lightning-30b-a3b,Nemotron 3.5 Lightning 30B-A3B (MoE),h100-sxm,H100 SXM 80 GB,Q6_K,8192,27.55,fits,131072,954
nemotron-3.5-lightning-30b-a3b,Nemotron 3.5 Lightning 30B-A3B (MoE),h100-sxm,H100 SXM 80 GB,Q5_K_M,8192,23.93,fits,131072,1102
nemotron-3.5-lightning-30b-a3b,Nemotron 3.5 Lightning 30B-A3B (MoE),h100-sxm,H100 SXM 80 GB,Q4_K_M,8192,19.66,fits,131072,1349
nemotron-3.5-lightning-30b-a3b,Nemotron 3.5 Lightning 30B-A3B (MoE),h100-sxm,H100 SXM 80 GB,Q3_K_M,8192,16.05,fits,131072,1664
nemotron-3.5-lightning-30b-a3b,Nemotron 3.5 Lightning 30B-A3B (MoE),m2-ultra,Mac Studio M2 Ultra (unified),FP16,8192,66.33,fits,131072,93
nemotron-3.5-lightning-30b-a3b,Nemotron 3.5 Lightning 30B-A3B (MoE),m2-ultra,Mac Studio M2 Ultra (unified),Q8_0,8192,35.44,fits,131072,176
nemotron-3.5-lightning-30b-a3b,Nemotron 3.5 Lightning 30B-A3B (MoE),m2-ultra,Mac Studio M2 Ultra (unified),Q6_K,8192,27.55,fits,131072,228
nemotron-3.5-lightning-30b-a3b,Nemotron 3.5 Lightning 30B-A3B (MoE),m2-ultra,Mac Studio M2 Ultra (unified),Q5_K_M,8192,23.93,fits,131072,263
nemotron-3.5-lightning-30b-a3b,Nemotron 3.5 Lightning 30B-A3B (MoE),m2-ultra,Mac Studio M2 Ultra (unified),Q4_K_M,8192,19.66,fits,131072,322
nemotron-3.5-lightning-30b-a3b,Nemotron 3.5 Lightning 30B-A3B (MoE),m2-ultra,Mac Studio M2 Ultra (unified),Q3_K_M,8192,16.05,fits,131072,397
nemotron-3.5-lightning-30b-a3b,Nemotron 3.5 Lightning 30B-A3B (MoE),m4-max,MacBook Pro M4 Max (unified),FP16,8192,66.33,fits,131072,64
nemotron-3.5-lightning-30b-a3b,Nemotron 3.5 Lightning 30B-A3B (MoE),m4-max,MacBook Pro M4 Max (unified),Q8_0,8192,35.44,fits,131072,120
nemotron-3.5-lightning-30b-a3b,Nemotron 3.5 Lightning 30B-A3B (MoE),m4-max,MacBook Pro M4 Max (unified),Q6_K,8192,27.55,fits,131072,155
nemotron-3.5-lightning-30b-a3b,Nemotron 3.5 Lightning 30B-A3B (MoE),m4-max,MacBook Pro M4 Max (unified),Q5_K_M,8192,23.93,fits,131072,179
nemotron-3.5-lightning-30b-a3b,Nemotron 3.5 Lightning 30B-A3B (MoE),m4-max,MacBook Pro M4 Max (unified),Q4_K_M,8192,19.66,fits,131072,220
nemotron-3.5-lightning-30b-a3b,Nemotron 3.5 Lightning 30B-A3B (MoE),m4-max,MacBook Pro M4 Max (unified),Q3_K_M,8192,16.05,fits,131072,271
qwen3-32b,Qwen3 32B,rtx-3060-12,RTX 3060 12 GB,FP16,8192,70.87,no,0,
qwen3-32b,Qwen3 32B,rtx-3060-12,RTX 3060 12 GB,Q8_0,8192,38.81,no,0,
qwen3-32b,Qwen3 32B,rtx-3060-12,RTX 3060 12 GB,Q6_K,8192,30.62,no,0,
qwen3-32b,Qwen3 32B,rtx-3060-12,RTX 3060 12 GB,Q5_K_M,8192,26.87,no,0,
qwen3-32b,Qwen3 32B,rtx-3060-12,RTX 3060 12 GB,Q4_K_M,8192,22.43,no,0,
qwen3-32b,Qwen3 32B,rtx-3060-12,RTX 3060 12 GB,Q3_K_M,8192,18.68,no,0,
qwen3-32b,Qwen3 32B,rtx-4060-ti-16,RTX 4060 Ti 16 GB,FP16,8192,70.87,no,0,
qwen3-32b,Qwen3 32B,rtx-4060-ti-16,RTX 4060 Ti 16 GB,Q8_0,8192,38.81,no,0,
qwen3-32b,Qwen3 32B,rtx-4060-ti-16,RTX 4060 Ti 16 GB,Q6_K,8192,30.62,no,0,
qwen3-32b,Qwen3 32B,rtx-4060-ti-16,RTX 4060 Ti 16 GB,Q5_K_M,8192,26.87,no,0,
qwen3-32b,Qwen3 32B,rtx-4060-ti-16,RTX 4060 Ti 16 GB,Q4_K_M,8192,22.43,no,0,
qwen3-32b,Qwen3 32B,rtx-4060-ti-16,RTX 4060 Ti 16 GB,Q3_K_M,8192,18.68,no,0,
qwen3-32b,Qwen3 32B,rtx-4070,RTX 4070 12 GB,FP16,8192,70.87,no,0,
qwen3-32b,Qwen3 32B,rtx-4070,RTX 4070 12 GB,Q8_0,8192,38.81,no,0,
qwen3-32b,Qwen3 32B,rtx-4070,RTX 4070 12 GB,Q6_K,8192,30.62,no,0,
qwen3-32b,Qwen3 32B,rtx-4070,RTX 4070 12 GB,Q5_K_M,8192,26.87,no,0,
qwen3-32b,Qwen3 32B,rtx-4070,RTX 4070 12 GB,Q4_K_M,8192,22.43,no,0,
qwen3-32b,Qwen3 32B,rtx-4070,RTX 4070 12 GB,Q3_K_M,8192,18.68,no,0,
qwen3-32b,Qwen3 32B,rtx-3090,RTX 3090 24 GB,FP16,8192,70.87,no,0,
qwen3-32b,Qwen3 32B,rtx-3090,RTX 3090 24 GB,Q8_0,8192,38.81,no,0,
qwen3-32b,Qwen3 32B,rtx-3090,RTX 3090 24 GB,Q6_K,8192,30.62,no,0,
qwen3-32b,Qwen3 32B,rtx-3090,RTX 3090 24 GB,Q5_K_M,8192,26.87,no,0,
qwen3-32b,Qwen3 32B,rtx-3090,RTX 3090 24 GB,Q4_K_M,8192,22.43,tight,9216,34
qwen3-32b,Qwen3 32B,rtx-3090,RTX 3090 24 GB,Q3_K_M,8192,18.68,fits,23552,43
qwen3-32b,Qwen3 32B,rtx-4090,RTX 4090 24 GB,FP16,8192,70.87,no,0,
qwen3-32b,Qwen3 32B,rtx-4090,RTX 4090 24 GB,Q8_0,8192,38.81,no,0,
qwen3-32b,Qwen3 32B,rtx-4090,RTX 4090 24 GB,Q6_K,8192,30.62,no,0,
qwen3-32b,Qwen3 32B,rtx-4090,RTX 4090 24 GB,Q5_K_M,8192,26.87,no,0,
qwen3-32b,Qwen3 32B,rtx-4090,RTX 4090 24 GB,Q4_K_M,8192,22.43,tight,9216,37
qwen3-32b,Qwen3 32B,rtx-4090,RTX 4090 24 GB,Q3_K_M,8192,18.68,fits,23552,46
qwen3-32b,Qwen3 32B,rtx-5090,RTX 5090 32 GB,FP16,8192,70.87,no,0,
qwen3-32b,Qwen3 32B,rtx-5090,RTX 5090 32 GB,Q8_0,8192,38.81,no,0,
qwen3-32b,Qwen3 32B,rtx-5090,RTX 5090 32 GB,Q6_K,8192,30.62,no,7168,47
qwen3-32b,Qwen3 32B,rtx-5090,RTX 5090 32 GB,Q5_K_M,8192,26.87,fits,21504,54
qwen3-32b,Qwen3 32B,rtx-5090,RTX 5090 32 GB,Q4_K_M,8192,22.43,fits,37888,66
qwen3-32b,Qwen3 32B,rtx-5090,RTX 5090 32 GB,Q3_K_M,8192,18.68,fits,40960,81
qwen3-32b,Qwen3 32B,rtx-6000-ada,RTX 6000 Ada 48 GB,FP16,8192,70.87,no,0,
qwen3-32b,Qwen3 32B,rtx-6000-ada,RTX 6000 Ada 48 GB,Q8_0,8192,38.81,fits,33792,19
qwen3-32b,Qwen3 32B,rtx-6000-ada,RTX 6000 Ada 48 GB,Q6_K,8192,30.62,fits,40960,25
qwen3-32b,Qwen3 32B,rtx-6000-ada,RTX 6000 Ada 48 GB,Q5_K_M,8192,26.87,fits,40960,29
qwen3-32b,Qwen3 32B,rtx-6000-ada,RTX 6000 Ada 48 GB,Q4_K_M,8192,22.43,fits,40960,35
qwen3-32b,Qwen3 32B,rtx-6000-ada,RTX 6000 Ada 48 GB,Q3_K_M,8192,18.68,fits,40960,44
qwen3-32b,Qwen3 32B,l40s,L40S 48 GB,FP16,8192,70.87,no,0,
qwen3-32b,Qwen3 32B,l40s,L40S 48 GB,Q8_0,8192,38.81,fits,33792,17
qwen3-32b,Qwen3 32B,l40s,L40S 48 GB,Q6_K,8192,30.62,fits,40960,22
qwen3-32b,Qwen3 32B,l40s,L40S 48 GB,Q5_K_M,8192,26.87,fits,40960,26
qwen3-32b,Qwen3 32B,l40s,L40S 48 GB,Q4_K_M,8192,22.43,fits,40960,32
qwen3-32b,Qwen3 32B,l40s,L40S 48 GB,Q3_K_M,8192,18.68,fits,40960,39
qwen3-32b,Qwen3 32B,rtx-pro-6000,RTX PRO 6000 Blackwell 96 GB,FP16,8192,70.87,fits,40960,19
qwen3-32b,Qwen3 32B,rtx-pro-6000,RTX PRO 6000 Blackwell 96 GB,Q8_0,8192,38.81,fits,40960,36
qwen3-32b,Qwen3 32B,rtx-pro-6000,RTX PRO 6000 Blackwell 96 GB,Q6_K,8192,30.62,fits,40960,47
qwen3-32b,Qwen3 32B,rtx-pro-6000,RTX PRO 6000 Blackwell 96 GB,Q5_K_M,8192,26.87,fits,40960,54
qwen3-32b,Qwen3 32B,rtx-pro-6000,RTX PRO 6000 Blackwell 96 GB,Q4_K_M,8192,22.43,fits,40960,66
qwen3-32b,Qwen3 32B,rtx-pro-6000,RTX PRO 6000 Blackwell 96 GB,Q3_K_M,8192,18.68,fits,40960,81
qwen3-32b,Qwen3 32B,a100-80,A100 80 GB,FP16,8192,70.87,tight,27648,22
qwen3-32b,Qwen3 32B,a100-80,A100 80 GB,Q8_0,8192,38.81,fits,40960,41
qwen3-32b,Qwen3 32B,a100-80,A100 80 GB,Q6_K,8192,30.62,fits,40960,53
qwen3-32b,Qwen3 32B,a100-80,A100 80 GB,Q5_K_M,8192,26.87,fits,40960,61
qwen3-32b,Qwen3 32B,a100-80,A100 80 GB,Q4_K_M,8192,22.43,fits,40960,75
qwen3-32b,Qwen3 32B,a100-80,A100 80 GB,Q3_K_M,8192,18.68,fits,40960,93
qwen3-32b,Qwen3 32B,h100-sxm,H100 SXM 80 GB,FP16,8192,70.87,tight,27648,36
qwen3-32b,Qwen3 32B,h100-sxm,H100 SXM 80 GB,Q8_0,8192,38.81,fits,40960,67
qwen3-32b,Qwen3 32B,h100-sxm,H100 SXM 80 GB,Q6_K,8192,30.62,fits,40960,87
qwen3-32b,Qwen3 32B,h100-sxm,H100 SXM 80 GB,Q5_K_M,8192,26.87,fits,40960,101
qwen3-32b,Qwen3 32B,h100-sxm,H100 SXM 80 GB,Q4_K_M,8192,22.43,fits,40960,123
qwen3-32b,Qwen3 32B,h100-sxm,H100 SXM 80 GB,Q3_K_M,8192,18.68,fits,40960,152
qwen3-32b,Qwen3 32B,m2-ultra,Mac Studio M2 Ultra (unified),FP16,8192,70.87,fits,40960,9
qwen3-32b,Qwen3 32B,m2-ultra,Mac Studio M2 Ultra (unified),Q8_0,8192,38.81,fits,40960,16
qwen3-32b,Qwen3 32B,m2-ultra,Mac Studio M2 Ultra (unified),Q6_K,8192,30.62,fits,40960,21
qwen3-32b,Qwen3 32B,m2-ultra,Mac Studio M2 Ultra (unified),Q5_K_M,8192,26.87,fits,40960,24
qwen3-32b,Qwen3 32B,m2-ultra,Mac Studio M2 Ultra (unified),Q4_K_M,8192,22.43,fits,40960,29
qwen3-32b,Qwen3 32B,m2-ultra,Mac Studio M2 Ultra (unified),Q3_K_M,8192,18.68,fits,40960,36
qwen3-32b,Qwen3 32B,m4-max,MacBook Pro M4 Max (unified),FP16,8192,70.87,fits,40960,6
qwen3-32b,Qwen3 32B,m4-max,MacBook Pro M4 Max (unified),Q8_0,8192,38.81,fits,40960,11
qwen3-32b,Qwen3 32B,m4-max,MacBook Pro M4 Max (unified),Q6_K,8192,30.62,fits,40960,14
qwen3-32b,Qwen3 32B,m4-max,MacBook Pro M4 Max (unified),Q5_K_M,8192,26.87,fits,40960,16
qwen3-32b,Qwen3 32B,m4-max,MacBook Pro M4 Max (unified),Q4_K_M,8192,22.43,fits,40960,20
qwen3-32b,Qwen3 32B,m4-max,MacBook Pro M4 Max (unified),Q3_K_M,8192,18.68,fits,40960,25
qwen2.5-coder-32b,Qwen2.5 Coder 32B,rtx-3060-12,RTX 3060 12 GB,FP16,8192,70.87,no,0,
qwen2.5-coder-32b,Qwen2.5 Coder 32B,rtx-3060-12,RTX 3060 12 GB,Q8_0,8192,38.81,no,0,
qwen2.5-coder-32b,Qwen2.5 Coder 32B,rtx-3060-12,RTX 3060 12 GB,Q6_K,8192,30.62,no,0,
qwen2.5-coder-32b,Qwen2.5 Coder 32B,rtx-3060-12,RTX 3060 12 GB,Q5_K_M,8192,26.87,no,0,
qwen2.5-coder-32b,Qwen2.5 Coder 32B,rtx-3060-12,RTX 3060 12 GB,Q4_K_M,8192,22.43,no,0,
qwen2.5-coder-32b,Qwen2.5 Coder 32B,rtx-3060-12,RTX 3060 12 GB,Q3_K_M,8192,18.68,no,0,
qwen2.5-coder-32b,Qwen2.5 Coder 32B,rtx-4060-ti-16,RTX 4060 Ti 16 GB,FP16,8192,70.87,no,0,
qwen2.5-coder-32b,Qwen2.5 Coder 32B,rtx-4060-ti-16,RTX 4060 Ti 16 GB,Q8_0,8192,38.81,no,0,
qwen2.5-coder-32b,Qwen2.5 Coder 32B,rtx-4060-ti-16,RTX 4060 Ti 16 GB,Q6_K,8192,30.62,no,0,
qwen2.5-coder-32b,Qwen2.5 Coder 32B,rtx-4060-ti-16,RTX 4060 Ti 16 GB,Q5_K_M,8192,26.87,no,0,
qwen2.5-coder-32b,Qwen2.5 Coder 32B,rtx-4060-ti-16,RTX 4060 Ti 16 GB,Q4_K_M,8192,22.43,no,0,
qwen2.5-coder-32b,Qwen2.5 Coder 32B,rtx-4060-ti-16,RTX 4060 Ti 16 GB,Q3_K_M,8192,18.68,no,0,
qwen2.5-coder-32b,Qwen2.5 Coder 32B,rtx-4070,RTX 4070 12 GB,FP16,8192,70.87,no,0,
qwen2.5-coder-32b,Qwen2.5 Coder 32B,rtx-4070,RTX 4070 12 GB,Q8_0,8192,38.81,no,0,
qwen2.5-coder-32b,Qwen2.5 Coder 32B,rtx-4070,RTX 4070 12 GB,Q6_K,8192,30.62,no,0,
qwen2.5-coder-32b,Qwen2.5 Coder 32B,rtx-4070,RTX 4070 12 GB,Q5_K_M,8192,26.87,no,0,
qwen2.5-coder-32b,Qwen2.5 Coder 32B,rtx-4070,RTX 4070 12 GB,Q4_K_M,8192,22.43,no,0,
qwen2.5-coder-32b,Qwen2.5 Coder 32B,rtx-4070,RTX 4070 12 GB,Q3_K_M,8192,18.68,no,0,
qwen2.5-coder-32b,Qwen2.5 Coder 32B,rtx-3090,RTX 3090 24 GB,FP16,8192,70.87,no,0,
qwen2.5-coder-32b,Qwen2.5 Coder 32B,rtx-3090,RTX 3090 24 GB,Q8_0,8192,38.81,no,0,
qwen2.5-coder-32b,Qwen2.5 Coder 32B,rtx-3090,RTX 3090 24 GB,Q6_K,8192,30.62,no,0,
qwen2.5-coder-32b,Qwen2.5 Coder 32B,rtx-3090,RTX 3090 24 GB,Q5_K_M,8192,26.87,no,0,
qwen2.5-coder-32b,Qwen2.5 Coder 32B,rtx-3090,RTX 3090 24 GB,Q4_K_M,8192,22.43,tight,9216,34
qwen2.5-coder-32b,Qwen2.5 Coder 32B,rtx-3090,RTX 3090 24 GB,Q3_K_M,8192,18.68,fits,23552,43
qwen2.5-coder-32b,Qwen2.5 Coder 32B,rtx-4090,RTX 4090 24 GB,FP16,8192,70.87,no,0,
qwen2.5-coder-32b,Qwen2.5 Coder 32B,rtx-4090,RTX 4090 24 GB,Q8_0,8192,38.81,no,0,
qwen2.5-coder-32b,Qwen2.5 Coder 32B,rtx-4090,RTX 4090 24 GB,Q6_K,8192,30.62,no,0,
qwen2.5-coder-32b,Qwen2.5 Coder 32B,rtx-4090,RTX 4090 24 GB,Q5_K_M,8192,26.87,no,0,
qwen2.5-coder-32b,Qwen2.5 Coder 32B,rtx-4090,RTX 4090 24 GB,Q4_K_M,8192,22.43,tight,9216,37
qwen2.5-coder-32b,Qwen2.5 Coder 32B,rtx-4090,RTX 4090 24 GB,Q3_K_M,8192,18.68,fits,23552,46
qwen2.5-coder-32b,Qwen2.5 Coder 32B,rtx-5090,RTX 5090 32 GB,FP16,8192,70.87,no,0,
qwen2.5-coder-32b,Qwen2.5 Coder 32B,rtx-5090,RTX 5090 32 GB,Q8_0,8192,38.81,no,0,
qwen2.5-coder-32b,Qwen2.5 Coder 32B,rtx-5090,RTX 5090 32 GB,Q6_K,8192,30.62,no,7168,47
qwen2.5-coder-32b,Qwen2.5 Coder 32B,rtx-5090,RTX 5090 32 GB,Q5_K_M,8192,26.87,fits,21504,54
qwen2.5-coder-32b,Qwen2.5 Coder 32B,rtx-5090,RTX 5090 32 GB,Q4_K_M,8192,22.43,fits,32768,66
qwen2.5-coder-32b,Qwen2.5 Coder 32B,rtx-5090,RTX 5090 32 GB,Q3_K_M,8192,18.68,fits,32768,81
qwen2.5-coder-32b,Qwen2.5 Coder 32B,rtx-6000-ada,RTX 6000 Ada 48 GB,FP16,8192,70.87,no,0,
qwen2.5-coder-32b,Qwen2.5 Coder 32B,rtx-6000-ada,RTX 6000 Ada 48 GB,Q8_0,8192,38.81,fits,32768,19
qwen2.5-coder-32b,Qwen2.5 Coder 32B,rtx-6000-ada,RTX 6000 Ada 48 GB,Q6_K,8192,30.62,fits,32768,25
qwen2.5-coder-32b,Qwen2.5 Coder 32B,rtx-6000-ada,RTX 6000 Ada 48 GB,Q5_K_M,8192,26.87,fits,32768,29
qwen2.5-coder-32b,Qwen2.5 Coder 32B,rtx-6000-ada,RTX 6000 Ada 48 GB,Q4_K_M,8192,22.43,fits,32768,35
qwen2.5-coder-32b,Qwen2.5 Coder 32B,rtx-6000-ada,RTX 6000 Ada 48 GB,Q3_K_M,8192,18.68,fits,32768,44
qwen2.5-coder-32b,Qwen2.5 Coder 32B,l40s,L40S 48 GB,FP16,8192,70.87,no,0,
qwen2.5-coder-32b,Qwen2.5 Coder 32B,l40s,L40S 48 GB,Q8_0,8192,38.81,fits,32768,17
qwen2.5-coder-32b,Qwen2.5 Coder 32B,l40s,L40S 48 GB,Q6_K,8192,30.62,fits,32768,22
qwen2.5-coder-32b,Qwen2.5 Coder 32B,l40s,L40S 48 GB,Q5_K_M,8192,26.87,fits,32768,26
qwen2.5-coder-32b,Qwen2.5 Coder 32B,l40s,L40S 48 GB,Q4_K_M,8192,22.43,fits,32768,32
qwen2.5-coder-32b,Qwen2.5 Coder 32B,l40s,L40S 48 GB,Q3_K_M,8192,18.68,fits,32768,39
qwen2.5-coder-32b,Qwen2.5 Coder 32B,rtx-pro-6000,RTX PRO 6000 Blackwell 96 GB,FP16,8192,70.87,fits,32768,19
qwen2.5-coder-32b,Qwen2.5 Coder 32B,rtx-pro-6000,RTX PRO 6000 Blackwell 96 GB,Q8_0,8192,38.81,fits,32768,36
qwen2.5-coder-32b,Qwen2.5 Coder 32B,rtx-pro-6000,RTX PRO 6000 Blackwell 96 GB,Q6_K,8192,30.62,fits,32768,47
qwen2.5-coder-32b,Qwen2.5 Coder 32B,rtx-pro-6000,RTX PRO 6000 Blackwell 96 GB,Q5_K_M,8192,26.87,fits,32768,54
qwen2.5-coder-32b,Qwen2.5 Coder 32B,rtx-pro-6000,RTX PRO 6000 Blackwell 96 GB,Q4_K_M,8192,22.43,fits,32768,66
qwen2.5-coder-32b,Qwen2.5 Coder 32B,rtx-pro-6000,RTX PRO 6000 Blackwell 96 GB,Q3_K_M,8192,18.68,fits,32768,81
qwen2.5-coder-32b,Qwen2.5 Coder 32B,a100-80,A100 80 GB,FP16,8192,70.87,tight,27648,22
qwen2.5-coder-32b,Qwen2.5 Coder 32B,a100-80,A100 80 GB,Q8_0,8192,38.81,fits,32768,41
qwen2.5-coder-32b,Qwen2.5 Coder 32B,a100-80,A100 80 GB,Q6_K,8192,30.62,fits,32768,53
qwen2.5-coder-32b,Qwen2.5 Coder 32B,a100-80,A100 80 GB,Q5_K_M,8192,26.87,fits,32768,61
qwen2.5-coder-32b,Qwen2.5 Coder 32B,a100-80,A100 80 GB,Q4_K_M,8192,22.43,fits,32768,75
qwen2.5-coder-32b,Qwen2.5 Coder 32B,a100-80,A100 80 GB,Q3_K_M,8192,18.68,fits,32768,93
qwen2.5-coder-32b,Qwen2.5 Coder 32B,h100-sxm,H100 SXM 80 GB,FP16,8192,70.87,tight,27648,36
qwen2.5-coder-32b,Qwen2.5 Coder 32B,h100-sxm,H100 SXM 80 GB,Q8_0,8192,38.81,fits,32768,67
qwen2.5-coder-32b,Qwen2.5 Coder 32B,h100-sxm,H100 SXM 80 GB,Q6_K,8192,30.62,fits,32768,87
qwen2.5-coder-32b,Qwen2.5 Coder 32B,h100-sxm,H100 SXM 80 GB,Q5_K_M,8192,26.87,fits,32768,101
qwen2.5-coder-32b,Qwen2.5 Coder 32B,h100-sxm,H100 SXM 80 GB,Q4_K_M,8192,22.43,fits,32768,123
qwen2.5-coder-32b,Qwen2.5 Coder 32B,h100-sxm,H100 SXM 80 GB,Q3_K_M,8192,18.68,fits,32768,152
qwen2.5-coder-32b,Qwen2.5 Coder 32B,m2-ultra,Mac Studio M2 Ultra (unified),FP16,8192,70.87,fits,32768,9
qwen2.5-coder-32b,Qwen2.5 Coder 32B,m2-ultra,Mac Studio M2 Ultra (unified),Q8_0,8192,38.81,fits,32768,16
qwen2.5-coder-32b,Qwen2.5 Coder 32B,m2-ultra,Mac Studio M2 Ultra (unified),Q6_K,8192,30.62,fits,32768,21
qwen2.5-coder-32b,Qwen2.5 Coder 32B,m2-ultra,Mac Studio M2 Ultra (unified),Q5_K_M,8192,26.87,fits,32768,24
qwen2.5-coder-32b,Qwen2.5 Coder 32B,m2-ultra,Mac Studio M2 Ultra (unified),Q4_K_M,8192,22.43,fits,32768,29
qwen2.5-coder-32b,Qwen2.5 Coder 32B,m2-ultra,Mac Studio M2 Ultra (unified),Q3_K_M,8192,18.68,fits,32768,36
qwen2.5-coder-32b,Qwen2.5 Coder 32B,m4-max,MacBook Pro M4 Max (unified),FP16,8192,70.87,fits,32768,6
qwen2.5-coder-32b,Qwen2.5 Coder 32B,m4-max,MacBook Pro M4 Max (unified),Q8_0,8192,38.81,fits,32768,11
qwen2.5-coder-32b,Qwen2.5 Coder 32B,m4-max,MacBook Pro M4 Max (unified),Q6_K,8192,30.62,fits,32768,14
qwen2.5-coder-32b,Qwen2.5 Coder 32B,m4-max,MacBook Pro M4 Max (unified),Q5_K_M,8192,26.87,fits,32768,16
qwen2.5-coder-32b,Qwen2.5 Coder 32B,m4-max,MacBook Pro M4 Max (unified),Q4_K_M,8192,22.43,fits,32768,20
qwen2.5-coder-32b,Qwen2.5 Coder 32B,m4-max,MacBook Pro M4 Max (unified),Q3_K_M,8192,18.68,fits,32768,25
deepseek-r1-distill-qwen-32b,DeepSeek-R1 Distill Qwen 32B,rtx-3060-12,RTX 3060 12 GB,FP16,8192,70.87,no,0,
deepseek-r1-distill-qwen-32b,DeepSeek-R1 Distill Qwen 32B,rtx-3060-12,RTX 3060 12 GB,Q8_0,8192,38.81,no,0,
deepseek-r1-distill-qwen-32b,DeepSeek-R1 Distill Qwen 32B,rtx-3060-12,RTX 3060 12 GB,Q6_K,8192,30.62,no,0,
deepseek-r1-distill-qwen-32b,DeepSeek-R1 Distill Qwen 32B,rtx-3060-12,RTX 3060 12 GB,Q5_K_M,8192,26.87,no,0,
deepseek-r1-distill-qwen-32b,DeepSeek-R1 Distill Qwen 32B,rtx-3060-12,RTX 3060 12 GB,Q4_K_M,8192,22.43,no,0,
deepseek-r1-distill-qwen-32b,DeepSeek-R1 Distill Qwen 32B,rtx-3060-12,RTX 3060 12 GB,Q3_K_M,8192,18.68,no,0,
deepseek-r1-distill-qwen-32b,DeepSeek-R1 Distill Qwen 32B,rtx-4060-ti-16,RTX 4060 Ti 16 GB,FP16,8192,70.87,no,0,
deepseek-r1-distill-qwen-32b,DeepSeek-R1 Distill Qwen 32B,rtx-4060-ti-16,RTX 4060 Ti 16 GB,Q8_0,8192,38.81,no,0,
deepseek-r1-distill-qwen-32b,DeepSeek-R1 Distill Qwen 32B,rtx-4060-ti-16,RTX 4060 Ti 16 GB,Q6_K,8192,30.62,no,0,
deepseek-r1-distill-qwen-32b,DeepSeek-R1 Distill Qwen 32B,rtx-4060-ti-16,RTX 4060 Ti 16 GB,Q5_K_M,8192,26.87,no,0,
deepseek-r1-distill-qwen-32b,DeepSeek-R1 Distill Qwen 32B,rtx-4060-ti-16,RTX 4060 Ti 16 GB,Q4_K_M,8192,22.43,no,0,
deepseek-r1-distill-qwen-32b,DeepSeek-R1 Distill Qwen 32B,rtx-4060-ti-16,RTX 4060 Ti 16 GB,Q3_K_M,8192,18.68,no,0,
deepseek-r1-distill-qwen-32b,DeepSeek-R1 Distill Qwen 32B,rtx-4070,RTX 4070 12 GB,FP16,8192,70.87,no,0,
deepseek-r1-distill-qwen-32b,DeepSeek-R1 Distill Qwen 32B,rtx-4070,RTX 4070 12 GB,Q8_0,8192,38.81,no,0,
deepseek-r1-distill-qwen-32b,DeepSeek-R1 Distill Qwen 32B,rtx-4070,RTX 4070 12 GB,Q6_K,8192,30.62,no,0,
deepseek-r1-distill-qwen-32b,DeepSeek-R1 Distill Qwen 32B,rtx-4070,RTX 4070 12 GB,Q5_K_M,8192,26.87,no,0,
deepseek-r1-distill-qwen-32b,DeepSeek-R1 Distill Qwen 32B,rtx-4070,RTX 4070 12 GB,Q4_K_M,8192,22.43,no,0,
deepseek-r1-distill-qwen-32b,DeepSeek-R1 Distill Qwen 32B,rtx-4070,RTX 4070 12 GB,Q3_K_M,8192,18.68,no,0,
deepseek-r1-distill-qwen-32b,DeepSeek-R1 Distill Qwen 32B,rtx-3090,RTX 3090 24 GB,FP16,8192,70.87,no,0,
deepseek-r1-distill-qwen-32b,DeepSeek-R1 Distill Qwen 32B,rtx-3090,RTX 3090 24 GB,Q8_0,8192,38.81,no,0,
deepseek-r1-distill-qwen-32b,DeepSeek-R1 Distill Qwen 32B,rtx-3090,RTX 3090 24 GB,Q6_K,8192,30.62,no,0,
deepseek-r1-distill-qwen-32b,DeepSeek-R1 Distill Qwen 32B,rtx-3090,RTX 3090 24 GB,Q5_K_M,8192,26.87,no,0,
deepseek-r1-distill-qwen-32b,DeepSeek-R1 Distill Qwen 32B,rtx-3090,RTX 3090 24 GB,Q4_K_M,8192,22.43,tight,9216,34
deepseek-r1-distill-qwen-32b,DeepSeek-R1 Distill Qwen 32B,rtx-3090,RTX 3090 24 GB,Q3_K_M,8192,18.68,fits,23552,43
deepseek-r1-distill-qwen-32b,DeepSeek-R1 Distill Qwen 32B,rtx-4090,RTX 4090 24 GB,FP16,8192,70.87,no,0,
deepseek-r1-distill-qwen-32b,DeepSeek-R1 Distill Qwen 32B,rtx-4090,RTX 4090 24 GB,Q8_0,8192,38.81,no,0,
deepseek-r1-distill-qwen-32b,DeepSeek-R1 Distill Qwen 32B,rtx-4090,RTX 4090 24 GB,Q6_K,8192,30.62,no,0,
deepseek-r1-distill-qwen-32b,DeepSeek-R1 Distill Qwen 32B,rtx-4090,RTX 4090 24 GB,Q5_K_M,8192,26.87,no,0,
deepseek-r1-distill-qwen-32b,DeepSeek-R1 Distill Qwen 32B,rtx-4090,RTX 4090 24 GB,Q4_K_M,8192,22.43,tight,9216,37
deepseek-r1-distill-qwen-32b,DeepSeek-R1 Distill Qwen 32B,rtx-4090,RTX 4090 24 GB,Q3_K_M,8192,18.68,fits,23552,46
deepseek-r1-distill-qwen-32b,DeepSeek-R1 Distill Qwen 32B,rtx-5090,RTX 5090 32 GB,FP16,8192,70.87,no,0,
deepseek-r1-distill-qwen-32b,DeepSeek-R1 Distill Qwen 32B,rtx-5090,RTX 5090 32 GB,Q8_0,8192,38.81,no,0,
deepseek-r1-distill-qwen-32b,DeepSeek-R1 Distill Qwen 32B,rtx-5090,RTX 5090 32 GB,Q6_K,8192,30.62,no,7168,47
deepseek-r1-distill-qwen-32b,DeepSeek-R1 Distill Qwen 32B,rtx-5090,RTX 5090 32 GB,Q5_K_M,8192,26.87,fits,21504,54
deepseek-r1-distill-qwen-32b,DeepSeek-R1 Distill Qwen 32B,rtx-5090,RTX 5090 32 GB,Q4_K_M,8192,22.43,fits,37888,66
deepseek-r1-distill-qwen-32b,DeepSeek-R1 Distill Qwen 32B,rtx-5090,RTX 5090 32 GB,Q3_K_M,8192,18.68,fits,52224,81
deepseek-r1-distill-qwen-32b,DeepSeek-R1 Distill Qwen 32B,rtx-6000-ada,RTX 6000 Ada 48 GB,FP16,8192,70.87,no,0,
deepseek-r1-distill-qwen-32b,DeepSeek-R1 Distill Qwen 32B,rtx-6000-ada,RTX 6000 Ada 48 GB,Q8_0,8192,38.81,fits,33792,19
deepseek-r1-distill-qwen-32b,DeepSeek-R1 Distill Qwen 32B,rtx-6000-ada,RTX 6000 Ada 48 GB,Q6_K,8192,30.62,fits,64512,25
deepseek-r1-distill-qwen-32b,DeepSeek-R1 Distill Qwen 32B,rtx-6000-ada,RTX 6000 Ada 48 GB,Q5_K_M,8192,26.87,fits,78848,29
deepseek-r1-distill-qwen-32b,DeepSeek-R1 Distill Qwen 32B,rtx-6000-ada,RTX 6000 Ada 48 GB,Q4_K_M,8192,22.43,fits,96256,35
deepseek-r1-distill-qwen-32b,DeepSeek-R1 Distill Qwen 32B,rtx-6000-ada,RTX 6000 Ada 48 GB,Q3_K_M,8192,18.68,fits,110592,44
deepseek-r1-distill-qwen-32b,DeepSeek-R1 Distill Qwen 32B,l40s,L40S 48 GB,FP16,8192,70.87,no,0,
deepseek-r1-distill-qwen-32b,DeepSeek-R1 Distill Qwen 32B,l40s,L40S 48 GB,Q8_0,8192,38.81,fits,33792,17
deepseek-r1-distill-qwen-32b,DeepSeek-R1 Distill Qwen 32B,l40s,L40S 48 GB,Q6_K,8192,30.62,fits,64512,22
deepseek-r1-distill-qwen-32b,DeepSeek-R1 Distill Qwen 32B,l40s,L40S 48 GB,Q5_K_M,8192,26.87,fits,78848,26
deepseek-r1-distill-qwen-32b,DeepSeek-R1 Distill Qwen 32B,l40s,L40S 48 GB,Q4_K_M,8192,22.43,fits,96256,32
deepseek-r1-distill-qwen-32b,DeepSeek-R1 Distill Qwen 32B,l40s,L40S 48 GB,Q3_K_M,8192,18.68,fits,110592,39
deepseek-r1-distill-qwen-32b,DeepSeek-R1 Distill Qwen 32B,rtx-pro-6000,RTX PRO 6000 Blackwell 96 GB,FP16,8192,70.87,fits,84992,19
deepseek-r1-distill-qwen-32b,DeepSeek-R1 Distill Qwen 32B,rtx-pro-6000,RTX PRO 6000 Blackwell 96 GB,Q8_0,8192,38.81,fits,131072,36
deepseek-r1-distill-qwen-32b,DeepSeek-R1 Distill Qwen 32B,rtx-pro-6000,RTX PRO 6000 Blackwell 96 GB,Q6_K,8192,30.62,fits,131072,47
deepseek-r1-distill-qwen-32b,DeepSeek-R1 Distill Qwen 32B,rtx-pro-6000,RTX PRO 6000 Blackwell 96 GB,Q5_K_M,8192,26.87,fits,131072,54
deepseek-r1-distill-qwen-32b,DeepSeek-R1 Distill Qwen 32B,rtx-pro-6000,RTX PRO 6000 Blackwell 96 GB,Q4_K_M,8192,22.43,fits,131072,66
deepseek-r1-distill-qwen-32b,DeepSeek-R1 Distill Qwen 32B,rtx-pro-6000,RTX PRO 6000 Blackwell 96 GB,Q3_K_M,8192,18.68,fits,131072,81
deepseek-r1-distill-qwen-32b,DeepSeek-R1 Distill Qwen 32B,a100-80,A100 80 GB,FP16,8192,70.87,tight,27648,22
deepseek-r1-distill-qwen-32b,DeepSeek-R1 Distill Qwen 32B,a100-80,A100 80 GB,Q8_0,8192,38.81,fits,131072,41
deepseek-r1-distill-qwen-32b,DeepSeek-R1 Distill Qwen 32B,a100-80,A100 80 GB,Q6_K,8192,30.62,fits,131072,53
deepseek-r1-distill-qwen-32b,DeepSeek-R1 Distill Qwen 32B,a100-80,A100 80 GB,Q5_K_M,8192,26.87,fits,131072,61
deepseek-r1-distill-qwen-32b,DeepSeek-R1 Distill Qwen 32B,a100-80,A100 80 GB,Q4_K_M,8192,22.43,fits,131072,75
deepseek-r1-distill-qwen-32b,DeepSeek-R1 Distill Qwen 32B,a100-80,A100 80 GB,Q3_K_M,8192,18.68,fits,131072,93
deepseek-r1-distill-qwen-32b,DeepSeek-R1 Distill Qwen 32B,h100-sxm,H100 SXM 80 GB,FP16,8192,70.87,tight,27648,36
deepseek-r1-distill-qwen-32b,DeepSeek-R1 Distill Qwen 32B,h100-sxm,H100 SXM 80 GB,Q8_0,8192,38.81,fits,131072,67
deepseek-r1-distill-qwen-32b,DeepSeek-R1 Distill Qwen 32B,h100-sxm,H100 SXM 80 GB,Q6_K,8192,30.62,fits,131072,87
deepseek-r1-distill-qwen-32b,DeepSeek-R1 Distill Qwen 32B,h100-sxm,H100 SXM 80 GB,Q5_K_M,8192,26.87,fits,131072,101
deepseek-r1-distill-qwen-32b,DeepSeek-R1 Distill Qwen 32B,h100-sxm,H100 SXM 80 GB,Q4_K_M,8192,22.43,fits,131072,123
deepseek-r1-distill-qwen-32b,DeepSeek-R1 Distill Qwen 32B,h100-sxm,H100 SXM 80 GB,Q3_K_M,8192,18.68,fits,131072,152
deepseek-r1-distill-qwen-32b,DeepSeek-R1 Distill Qwen 32B,m2-ultra,Mac Studio M2 Ultra (unified),FP16,8192,70.87,fits,131072,9
deepseek-r1-distill-qwen-32b,DeepSeek-R1 Distill Qwen 32B,m2-ultra,Mac Studio M2 Ultra (unified),Q8_0,8192,38.81,fits,131072,16
deepseek-r1-distill-qwen-32b,DeepSeek-R1 Distill Qwen 32B,m2-ultra,Mac Studio M2 Ultra (unified),Q6_K,8192,30.62,fits,131072,21
deepseek-r1-distill-qwen-32b,DeepSeek-R1 Distill Qwen 32B,m2-ultra,Mac Studio M2 Ultra (unified),Q5_K_M,8192,26.87,fits,131072,24
deepseek-r1-distill-qwen-32b,DeepSeek-R1 Distill Qwen 32B,m2-ultra,Mac Studio M2 Ultra (unified),Q4_K_M,8192,22.43,fits,131072,29
deepseek-r1-distill-qwen-32b,DeepSeek-R1 Distill Qwen 32B,m2-ultra,Mac Studio M2 Ultra (unified),Q3_K_M,8192,18.68,fits,131072,36
deepseek-r1-distill-qwen-32b,DeepSeek-R1 Distill Qwen 32B,m4-max,MacBook Pro M4 Max (unified),FP16,8192,70.87,fits,84992,6
deepseek-r1-distill-qwen-32b,DeepSeek-R1 Distill Qwen 32B,m4-max,MacBook Pro M4 Max (unified),Q8_0,8192,38.81,fits,131072,11
deepseek-r1-distill-qwen-32b,DeepSeek-R1 Distill Qwen 32B,m4-max,MacBook Pro M4 Max (unified),Q6_K,8192,30.62,fits,131072,14
deepseek-r1-distill-qwen-32b,DeepSeek-R1 Distill Qwen 32B,m4-max,MacBook Pro M4 Max (unified),Q5_K_M,8192,26.87,fits,131072,16
deepseek-r1-distill-qwen-32b,DeepSeek-R1 Distill Qwen 32B,m4-max,MacBook Pro M4 Max (unified),Q4_K_M,8192,22.43,fits,131072,20
deepseek-r1-distill-qwen-32b,DeepSeek-R1 Distill Qwen 32B,m4-max,MacBook Pro M4 Max (unified),Q3_K_M,8192,18.68,fits,131072,25
qwen3.6-35b-a3b,Qwen3.6 35B-A3B (MoE),rtx-3060-12,RTX 3060 12 GB,FP16,8192,75.61,no,0,
qwen3.6-35b-a3b,Qwen3.6 35B-A3B (MoE),rtx-3060-12,RTX 3060 12 GB,Q8_0,8192,40.41,no,0,
qwen3.6-35b-a3b,Qwen3.6 35B-A3B (MoE),rtx-3060-12,RTX 3060 12 GB,Q6_K,8192,31.43,no,0,
qwen3.6-35b-a3b,Qwen3.6 35B-A3B (MoE),rtx-3060-12,RTX 3060 12 GB,Q5_K_M,8192,27.31,no,0,
qwen3.6-35b-a3b,Qwen3.6 35B-A3B (MoE),rtx-3060-12,RTX 3060 12 GB,Q4_K_M,8192,22.44,no,0,
qwen3.6-35b-a3b,Qwen3.6 35B-A3B (MoE),rtx-3060-12,RTX 3060 12 GB,Q3_K_M,8192,18.32,no,0,
qwen3.6-35b-a3b,Qwen3.6 35B-A3B (MoE),rtx-4060-ti-16,RTX 4060 Ti 16 GB,FP16,8192,75.61,no,0,
qwen3.6-35b-a3b,Qwen3.6 35B-A3B (MoE),rtx-4060-ti-16,RTX 4060 Ti 16 GB,Q8_0,8192,40.41,no,0,
qwen3.6-35b-a3b,Qwen3.6 35B-A3B (MoE),rtx-4060-ti-16,RTX 4060 Ti 16 GB,Q6_K,8192,31.43,no,0,
qwen3.6-35b-a3b,Qwen3.6 35B-A3B (MoE),rtx-4060-ti-16,RTX 4060 Ti 16 GB,Q5_K_M,8192,27.31,no,0,
qwen3.6-35b-a3b,Qwen3.6 35B-A3B (MoE),rtx-4060-ti-16,RTX 4060 Ti 16 GB,Q4_K_M,8192,22.44,no,0,
qwen3.6-35b-a3b,Qwen3.6 35B-A3B (MoE),rtx-4060-ti-16,RTX 4060 Ti 16 GB,Q3_K_M,8192,18.32,no,0,
qwen3.6-35b-a3b,Qwen3.6 35B-A3B (MoE),rtx-4070,RTX 4070 12 GB,FP16,8192,75.61,no,0,
qwen3.6-35b-a3b,Qwen3.6 35B-A3B (MoE),rtx-4070,RTX 4070 12 GB,Q8_0,8192,40.41,no,0,
qwen3.6-35b-a3b,Qwen3.6 35B-A3B (MoE),rtx-4070,RTX 4070 12 GB,Q6_K,8192,31.43,no,0,
qwen3.6-35b-a3b,Qwen3.6 35B-A3B (MoE),rtx-4070,RTX 4070 12 GB,Q5_K_M,8192,27.31,no,0,
qwen3.6-35b-a3b,Qwen3.6 35B-A3B (MoE),rtx-4070,RTX 4070 12 GB,Q4_K_M,8192,22.44,no,0,
qwen3.6-35b-a3b,Qwen3.6 35B-A3B (MoE),rtx-4070,RTX 4070 12 GB,Q3_K_M,8192,18.32,no,0,
qwen3.6-35b-a3b,Qwen3.6 35B-A3B (MoE),rtx-3090,RTX 3090 24 GB,FP16,8192,75.61,no,0,
qwen3.6-35b-a3b,Qwen3.6 35B-A3B (MoE),rtx-3090,RTX 3090 24 GB,Q8_0,8192,40.41,no,0,
qwen3.6-35b-a3b,Qwen3.6 35B-A3B (MoE),rtx-3090,RTX 3090 24 GB,Q6_K,8192,31.43,no,0,
qwen3.6-35b-a3b,Qwen3.6 35B-A3B (MoE),rtx-3090,RTX 3090 24 GB,Q5_K_M,8192,27.31,no,0,
qwen3.6-35b-a3b,Qwen3.6 35B-A3B (MoE),rtx-3090,RTX 3090 24 GB,Q4_K_M,8192,22.44,tight,25600,377
qwen3.6-35b-a3b,Qwen3.6 35B-A3B (MoE),rtx-3090,RTX 3090 24 GB,Q3_K_M,8192,18.32,fits,131072,465
qwen3.6-35b-a3b,Qwen3.6 35B-A3B (MoE),rtx-4090,RTX 4090 24 GB,FP16,8192,75.61,no,0,
qwen3.6-35b-a3b,Qwen3.6 35B-A3B (MoE),rtx-4090,RTX 4090 24 GB,Q8_0,8192,40.41,no,0,
qwen3.6-35b-a3b,Qwen3.6 35B-A3B (MoE),rtx-4090,RTX 4090 24 GB,Q6_K,8192,31.43,no,0,
qwen3.6-35b-a3b,Qwen3.6 35B-A3B (MoE),rtx-4090,RTX 4090 24 GB,Q5_K_M,8192,27.31,no,0,
qwen3.6-35b-a3b,Qwen3.6 35B-A3B (MoE),rtx-4090,RTX 4090 24 GB,Q4_K_M,8192,22.44,tight,25600,406
qwen3.6-35b-a3b,Qwen3.6 35B-A3B (MoE),rtx-4090,RTX 4090 24 GB,Q3_K_M,8192,18.32,fits,131072,500
qwen3.6-35b-a3b,Qwen3.6 35B-A3B (MoE),rtx-5090,RTX 5090 32 GB,FP16,8192,75.61,no,0,
qwen3.6-35b-a3b,Qwen3.6 35B-A3B (MoE),rtx-5090,RTX 5090 32 GB,Q8_0,8192,40.41,no,0,
qwen3.6-35b-a3b,Qwen3.6 35B-A3B (MoE),rtx-5090,RTX 5090 32 GB,Q6_K,8192,31.43,no,0,
qwen3.6-35b-a3b,Qwen3.6 35B-A3B (MoE),rtx-5090,RTX 5090 32 GB,Q5_K_M,8192,27.31,tight,131072,589
qwen3.6-35b-a3b,Qwen3.6 35B-A3B (MoE),rtx-5090,RTX 5090 32 GB,Q4_K_M,8192,22.44,fits,131072,721
qwen3.6-35b-a3b,Qwen3.6 35B-A3B (MoE),rtx-5090,RTX 5090 32 GB,Q3_K_M,8192,18.32,fits,131072,890
qwen3.6-35b-a3b,Qwen3.6 35B-A3B (MoE),rtx-6000-ada,RTX 6000 Ada 48 GB,FP16,8192,75.61,no,0,
qwen3.6-35b-a3b,Qwen3.6 35B-A3B (MoE),rtx-6000-ada,RTX 6000 Ada 48 GB,Q8_0,8192,40.41,fits,131072,211
qwen3.6-35b-a3b,Qwen3.6 35B-A3B (MoE),rtx-6000-ada,RTX 6000 Ada 48 GB,Q6_K,8192,31.43,fits,131072,273
qwen3.6-35b-a3b,Qwen3.6 35B-A3B (MoE),rtx-6000-ada,RTX 6000 Ada 48 GB,Q5_K_M,8192,27.31,fits,131072,315
qwen3.6-35b-a3b,Qwen3.6 35B-A3B (MoE),rtx-6000-ada,RTX 6000 Ada 48 GB,Q4_K_M,8192,22.44,fits,131072,386
qwen3.6-35b-a3b,Qwen3.6 35B-A3B (MoE),rtx-6000-ada,RTX 6000 Ada 48 GB,Q3_K_M,8192,18.32,fits,131072,477
qwen3.6-35b-a3b,Qwen3.6 35B-A3B (MoE),l40s,L40S 48 GB,FP16,8192,75.61,no,0,
qwen3.6-35b-a3b,Qwen3.6 35B-A3B (MoE),l40s,L40S 48 GB,Q8_0,8192,40.41,fits,131072,190
qwen3.6-35b-a3b,Qwen3.6 35B-A3B (MoE),l40s,L40S 48 GB,Q6_K,8192,31.43,fits,131072,246
qwen3.6-35b-a3b,Qwen3.6 35B-A3B (MoE),l40s,L40S 48 GB,Q5_K_M,8192,27.31,fits,131072,284
qwen3.6-35b-a3b,Qwen3.6 35B-A3B (MoE),l40s,L40S 48 GB,Q4_K_M,8192,22.44,fits,131072,348
qwen3.6-35b-a3b,Qwen3.6 35B-A3B (MoE),l40s,L40S 48 GB,Q3_K_M,8192,18.32,fits,131072,429
qwen3.6-35b-a3b,Qwen3.6 35B-A3B (MoE),rtx-pro-6000,RTX PRO 6000 Blackwell 96 GB,FP16,8192,75.61,fits,131072,209
qwen3.6-35b-a3b,Qwen3.6 35B-A3B (MoE),rtx-pro-6000,RTX PRO 6000 Blackwell 96 GB,Q8_0,8192,40.41,fits,131072,394
qwen3.6-35b-a3b,Qwen3.6 35B-A3B (MoE),rtx-pro-6000,RTX PRO 6000 Blackwell 96 GB,Q6_K,8192,31.43,fits,131072,510
qwen3.6-35b-a3b,Qwen3.6 35B-A3B (MoE),rtx-pro-6000,RTX PRO 6000 Blackwell 96 GB,Q5_K_M,8192,27.31,fits,131072,589
qwen3.6-35b-a3b,Qwen3.6 35B-A3B (MoE),rtx-pro-6000,RTX PRO 6000 Blackwell 96 GB,Q4_K_M,8192,22.44,fits,131072,721
qwen3.6-35b-a3b,Qwen3.6 35B-A3B (MoE),rtx-pro-6000,RTX PRO 6000 Blackwell 96 GB,Q3_K_M,8192,18.32,fits,131072,890
qwen3.6-35b-a3b,Qwen3.6 35B-A3B (MoE),a100-80,A100 80 GB,FP16,8192,75.61,tight,26624,238
qwen3.6-35b-a3b,Qwen3.6 35B-A3B (MoE),a100-80,A100 80 GB,Q8_0,8192,40.41,fits,131072,449
qwen3.6-35b-a3b,Qwen3.6 35B-A3B (MoE),a100-80,A100 80 GB,Q6_K,8192,31.43,fits,131072,580
qwen3.6-35b-a3b,Qwen3.6 35B-A3B (MoE),a100-80,A100 80 GB,Q5_K_M,8192,27.31,fits,131072,670
qwen3.6-35b-a3b,Qwen3.6 35B-A3B (MoE),a100-80,A100 80 GB,Q4_K_M,8192,22.44,fits,131072,820
qwen3.6-35b-a3b,Qwen3.6 35B-A3B (MoE),a100-80,A100 80 GB,Q3_K_M,8192,18.32,fits,131072,1012
qwen3.6-35b-a3b,Qwen3.6 35B-A3B (MoE),h100-sxm,H100 SXM 80 GB,FP16,8192,75.61,tight,26624,391
qwen3.6-35b-a3b,Qwen3.6 35B-A3B (MoE),h100-sxm,H100 SXM 80 GB,Q8_0,8192,40.41,fits,131072,738
qwen3.6-35b-a3b,Qwen3.6 35B-A3B (MoE),h100-sxm,H100 SXM 80 GB,Q6_K,8192,31.43,fits,131072,954
qwen3.6-35b-a3b,Qwen3.6 35B-A3B (MoE),h100-sxm,H100 SXM 80 GB,Q5_K_M,8192,27.31,fits,131072,1102
qwen3.6-35b-a3b,Qwen3.6 35B-A3B (MoE),h100-sxm,H100 SXM 80 GB,Q4_K_M,8192,22.44,fits,131072,1349
qwen3.6-35b-a3b,Qwen3.6 35B-A3B (MoE),h100-sxm,H100 SXM 80 GB,Q3_K_M,8192,18.32,fits,131072,1664
qwen3.6-35b-a3b,Qwen3.6 35B-A3B (MoE),m2-ultra,Mac Studio M2 Ultra (unified),FP16,8192,75.61,fits,131072,93
qwen3.6-35b-a3b,Qwen3.6 35B-A3B (MoE),m2-ultra,Mac Studio M2 Ultra (unified),Q8_0,8192,40.41,fits,131072,176
qwen3.6-35b-a3b,Qwen3.6 35B-A3B (MoE),m2-ultra,Mac Studio M2 Ultra (unified),Q6_K,8192,31.43,fits,131072,228
qwen3.6-35b-a3b,Qwen3.6 35B-A3B (MoE),m2-ultra,Mac Studio M2 Ultra (unified),Q5_K_M,8192,27.31,fits,131072,263
qwen3.6-35b-a3b,Qwen3.6 35B-A3B (MoE),m2-ultra,Mac Studio M2 Ultra (unified),Q4_K_M,8192,22.44,fits,131072,322
qwen3.6-35b-a3b,Qwen3.6 35B-A3B (MoE),m2-ultra,Mac Studio M2 Ultra (unified),Q3_K_M,8192,18.32,fits,131072,397
qwen3.6-35b-a3b,Qwen3.6 35B-A3B (MoE),m4-max,MacBook Pro M4 Max (unified),FP16,8192,75.61,fits,131072,64
qwen3.6-35b-a3b,Qwen3.6 35B-A3B (MoE),m4-max,MacBook Pro M4 Max (unified),Q8_0,8192,40.41,fits,131072,120
qwen3.6-35b-a3b,Qwen3.6 35B-A3B (MoE),m4-max,MacBook Pro M4 Max (unified),Q6_K,8192,31.43,fits,131072,155
qwen3.6-35b-a3b,Qwen3.6 35B-A3B (MoE),m4-max,MacBook Pro M4 Max (unified),Q5_K_M,8192,27.31,fits,131072,179
qwen3.6-35b-a3b,Qwen3.6 35B-A3B (MoE),m4-max,MacBook Pro M4 Max (unified),Q4_K_M,8192,22.44,fits,131072,220
qwen3.6-35b-a3b,Qwen3.6 35B-A3B (MoE),m4-max,MacBook Pro M4 Max (unified),Q3_K_M,8192,18.32,fits,131072,271
llama-3.3-70b,Llama 3.3 70B,rtx-3060-12,RTX 3060 12 GB,FP16,8192,150.03,no,0,
llama-3.3-70b,Llama 3.3 70B,rtx-3060-12,RTX 3060 12 GB,Q8_0,8192,81.01,no,0,
llama-3.3-70b,Llama 3.3 70B,rtx-3060-12,RTX 3060 12 GB,Q6_K,8192,63.39,no,0,
llama-3.3-70b,Llama 3.3 70B,rtx-3060-12,RTX 3060 12 GB,Q5_K_M,8192,55.32,no,0,
llama-3.3-70b,Llama 3.3 70B,rtx-3060-12,RTX 3060 12 GB,Q4_K_M,8192,45.77,no,0,
llama-3.3-70b,Llama 3.3 70B,rtx-3060-12,RTX 3060 12 GB,Q3_K_M,8192,37.69,no,0,
llama-3.3-70b,Llama 3.3 70B,rtx-4060-ti-16,RTX 4060 Ti 16 GB,FP16,8192,150.03,no,0,
llama-3.3-70b,Llama 3.3 70B,rtx-4060-ti-16,RTX 4060 Ti 16 GB,Q8_0,8192,81.01,no,0,
llama-3.3-70b,Llama 3.3 70B,rtx-4060-ti-16,RTX 4060 Ti 16 GB,Q6_K,8192,63.39,no,0,
llama-3.3-70b,Llama 3.3 70B,rtx-4060-ti-16,RTX 4060 Ti 16 GB,Q5_K_M,8192,55.32,no,0,
llama-3.3-70b,Llama 3.3 70B,rtx-4060-ti-16,RTX 4060 Ti 16 GB,Q4_K_M,8192,45.77,no,0,
llama-3.3-70b,Llama 3.3 70B,rtx-4060-ti-16,RTX 4060 Ti 16 GB,Q3_K_M,8192,37.69,no,0,
llama-3.3-70b,Llama 3.3 70B,rtx-4070,RTX 4070 12 GB,FP16,8192,150.03,no,0,
llama-3.3-70b,Llama 3.3 70B,rtx-4070,RTX 4070 12 GB,Q8_0,8192,81.01,no,0,
llama-3.3-70b,Llama 3.3 70B,rtx-4070,RTX 4070 12 GB,Q6_K,8192,63.39,no,0,
llama-3.3-70b,Llama 3.3 70B,rtx-4070,RTX 4070 12 GB,Q5_K_M,8192,55.32,no,0,
llama-3.3-70b,Llama 3.3 70B,rtx-4070,RTX 4070 12 GB,Q4_K_M,8192,45.77,no,0,
llama-3.3-70b,Llama 3.3 70B,rtx-4070,RTX 4070 12 GB,Q3_K_M,8192,37.69,no,0,
llama-3.3-70b,Llama 3.3 70B,rtx-3090,RTX 3090 24 GB,FP16,8192,150.03,no,0,
llama-3.3-70b,Llama 3.3 70B,rtx-3090,RTX 3090 24 GB,Q8_0,8192,81.01,no,0,
llama-3.3-70b,Llama 3.3 70B,rtx-3090,RTX 3090 24 GB,Q6_K,8192,63.39,no,0,
llama-3.3-70b,Llama 3.3 70B,rtx-3090,RTX 3090 24 GB,Q5_K_M,8192,55.32,no,0,
llama-3.3-70b,Llama 3.3 70B,rtx-3090,RTX 3090 24 GB,Q4_K_M,8192,45.77,no,0,
llama-3.3-70b,Llama 3.3 70B,rtx-3090,RTX 3090 24 GB,Q3_K_M,8192,37.69,no,0,
llama-3.3-70b,Llama 3.3 70B,rtx-4090,RTX 4090 24 GB,FP16,8192,150.03,no,0,
llama-3.3-70b,Llama 3.3 70B,rtx-4090,RTX 4090 24 GB,Q8_0,8192,81.01,no,0,
llama-3.3-70b,Llama 3.3 70B,rtx-4090,RTX 4090 24 GB,Q6_K,8192,63.39,no,0,
llama-3.3-70b,Llama 3.3 70B,rtx-4090,RTX 4090 24 GB,Q5_K_M,8192,55.32,no,0,
llama-3.3-70b,Llama 3.3 70B,rtx-4090,RTX 4090 24 GB,Q4_K_M,8192,45.77,no,0,
llama-3.3-70b,Llama 3.3 70B,rtx-4090,RTX 4090 24 GB,Q3_K_M,8192,37.69,no,0,
llama-3.3-70b,Llama 3.3 70B,rtx-5090,RTX 5090 32 GB,FP16,8192,150.03,no,0,
llama-3.3-70b,Llama 3.3 70B,rtx-5090,RTX 5090 32 GB,Q8_0,8192,81.01,no,0,
llama-3.3-70b,Llama 3.3 70B,rtx-5090,RTX 5090 32 GB,Q6_K,8192,63.39,no,0,
llama-3.3-70b,Llama 3.3 70B,rtx-5090,RTX 5090 32 GB,Q5_K_M,8192,55.32,no,0,
llama-3.3-70b,Llama 3.3 70B,rtx-5090,RTX 5090 32 GB,Q4_K_M,8192,45.77,no,0,
llama-3.3-70b,Llama 3.3 70B,rtx-5090,RTX 5090 32 GB,Q3_K_M,8192,37.69,no,0,
llama-3.3-70b,Llama 3.3 70B,rtx-6000-ada,RTX 6000 Ada 48 GB,FP16,8192,150.03,no,0,
llama-3.3-70b,Llama 3.3 70B,rtx-6000-ada,RTX 6000 Ada 48 GB,Q8_0,8192,81.01,no,0,
llama-3.3-70b,Llama 3.3 70B,rtx-6000-ada,RTX 6000 Ada 48 GB,Q6_K,8192,63.39,no,0,
llama-3.3-70b,Llama 3.3 70B,rtx-6000-ada,RTX 6000 Ada 48 GB,Q5_K_M,8192,55.32,no,0,
llama-3.3-70b,Llama 3.3 70B,rtx-6000-ada,RTX 6000 Ada 48 GB,Q4_K_M,8192,45.77,no,7168,16
llama-3.3-70b,Llama 3.3 70B,rtx-6000-ada,RTX 6000 Ada 48 GB,Q3_K_M,8192,37.69,fits,31744,20
llama-3.3-70b,Llama 3.3 70B,l40s,L40S 48 GB,FP16,8192,150.03,no,0,
llama-3.3-70b,Llama 3.3 70B,l40s,L40S 48 GB,Q8_0,8192,81.01,no,0,
llama-3.3-70b,Llama 3.3 70B,l40s,L40S 48 GB,Q6_K,8192,63.39,no,0,
llama-3.3-70b,Llama 3.3 70B,l40s,L40S 48 GB,Q5_K_M,8192,55.32,no,0,
llama-3.3-70b,Llama 3.3 70B,l40s,L40S 48 GB,Q4_K_M,8192,45.77,no,7168,15
llama-3.3-70b,Llama 3.3 70B,l40s,L40S 48 GB,Q3_K_M,8192,37.69,fits,31744,18
llama-3.3-70b,Llama 3.3 70B,rtx-pro-6000,RTX PRO 6000 Blackwell 96 GB,FP16,8192,150.03,no,0,
llama-3.3-70b,Llama 3.3 70B,rtx-pro-6000,RTX PRO 6000 Blackwell 96 GB,Q8_0,8192,81.01,fits,38912,17
llama-3.3-70b,Llama 3.3 70B,rtx-pro-6000,RTX PRO 6000 Blackwell 96 GB,Q6_K,8192,63.39,fits,92160,22
llama-3.3-70b,Llama 3.3 70B,rtx-pro-6000,RTX PRO 6000 Blackwell 96 GB,Q5_K_M,8192,55.32,fits,116736,25
llama-3.3-70b,Llama 3.3 70B,rtx-pro-6000,RTX PRO 6000 Blackwell 96 GB,Q4_K_M,8192,45.77,fits,131072,31
llama-3.3-70b,Llama 3.3 70B,rtx-pro-6000,RTX PRO 6000 Blackwell 96 GB,Q3_K_M,8192,37.69,fits,131072,38
llama-3.3-70b,Llama 3.3 70B,a100-80,A100 80 GB,FP16,8192,150.03,no,0,
llama-3.3-70b,Llama 3.3 70B,a100-80,A100 80 GB,Q8_0,8192,81.01,no,0,
llama-3.3-70b,Llama 3.3 70B,a100-80,A100 80 GB,Q6_K,8192,63.39,fits,46080,25
llama-3.3-70b,Llama 3.3 70B,a100-80,A100 80 GB,Q5_K_M,8192,55.32,fits,70656,28
llama-3.3-70b,Llama 3.3 70B,a100-80,A100 80 GB,Q4_K_M,8192,45.77,fits,100352,35
llama-3.3-70b,Llama 3.3 70B,a100-80,A100 80 GB,Q3_K_M,8192,37.69,fits,124928,43
llama-3.3-70b,Llama 3.3 70B,h100-sxm,H100 SXM 80 GB,FP16,8192,150.03,no,0,
llama-3.3-70b,Llama 3.3 70B,h100-sxm,H100 SXM 80 GB,Q8_0,8192,81.01,no,0,
llama-3.3-70b,Llama 3.3 70B,h100-sxm,H100 SXM 80 GB,Q6_K,8192,63.39,fits,46080,41
llama-3.3-70b,Llama 3.3 70B,h100-sxm,H100 SXM 80 GB,Q5_K_M,8192,55.32,fits,70656,47
llama-3.3-70b,Llama 3.3 70B,h100-sxm,H100 SXM 80 GB,Q4_K_M,8192,45.77,fits,100352,57
llama-3.3-70b,Llama 3.3 70B,h100-sxm,H100 SXM 80 GB,Q3_K_M,8192,37.69,fits,124928,71
llama-3.3-70b,Llama 3.3 70B,m2-ultra,Mac Studio M2 Ultra (unified),FP16,8192,150.03,no,0,
llama-3.3-70b,Llama 3.3 70B,m2-ultra,Mac Studio M2 Ultra (unified),Q8_0,8192,81.01,fits,131072,7
llama-3.3-70b,Llama 3.3 70B,m2-ultra,Mac Studio M2 Ultra (unified),Q6_K,8192,63.39,fits,131072,10
llama-3.3-70b,Llama 3.3 70B,m2-ultra,Mac Studio M2 Ultra (unified),Q5_K_M,8192,55.32,fits,131072,11
llama-3.3-70b,Llama 3.3 70B,m2-ultra,Mac Studio M2 Ultra (unified),Q4_K_M,8192,45.77,fits,131072,14
llama-3.3-70b,Llama 3.3 70B,m2-ultra,Mac Studio M2 Ultra (unified),Q3_K_M,8192,37.69,fits,131072,17
llama-3.3-70b,Llama 3.3 70B,m4-max,MacBook Pro M4 Max (unified),FP16,8192,150.03,no,0,
llama-3.3-70b,Llama 3.3 70B,m4-max,MacBook Pro M4 Max (unified),Q8_0,8192,81.01,fits,38912,5
llama-3.3-70b,Llama 3.3 70B,m4-max,MacBook Pro M4 Max (unified),Q6_K,8192,63.39,fits,92160,7
llama-3.3-70b,Llama 3.3 70B,m4-max,MacBook Pro M4 Max (unified),Q5_K_M,8192,55.32,fits,116736,8
llama-3.3-70b,Llama 3.3 70B,m4-max,MacBook Pro M4 Max (unified),Q4_K_M,8192,45.77,fits,131072,9
llama-3.3-70b,Llama 3.3 70B,m4-max,MacBook Pro M4 Max (unified),Q3_K_M,8192,37.69,fits,131072,12
deepseek-r1-distill-llama-70b,DeepSeek-R1 Distill Llama 70B,rtx-3060-12,RTX 3060 12 GB,FP16,8192,150.03,no,0,
deepseek-r1-distill-llama-70b,DeepSeek-R1 Distill Llama 70B,rtx-3060-12,RTX 3060 12 GB,Q8_0,8192,81.01,no,0,
deepseek-r1-distill-llama-70b,DeepSeek-R1 Distill Llama 70B,rtx-3060-12,RTX 3060 12 GB,Q6_K,8192,63.39,no,0,
deepseek-r1-distill-llama-70b,DeepSeek-R1 Distill Llama 70B,rtx-3060-12,RTX 3060 12 GB,Q5_K_M,8192,55.32,no,0,
deepseek-r1-distill-llama-70b,DeepSeek-R1 Distill Llama 70B,rtx-3060-12,RTX 3060 12 GB,Q4_K_M,8192,45.77,no,0,
deepseek-r1-distill-llama-70b,DeepSeek-R1 Distill Llama 70B,rtx-3060-12,RTX 3060 12 GB,Q3_K_M,8192,37.69,no,0,
deepseek-r1-distill-llama-70b,DeepSeek-R1 Distill Llama 70B,rtx-4060-ti-16,RTX 4060 Ti 16 GB,FP16,8192,150.03,no,0,
deepseek-r1-distill-llama-70b,DeepSeek-R1 Distill Llama 70B,rtx-4060-ti-16,RTX 4060 Ti 16 GB,Q8_0,8192,81.01,no,0,
deepseek-r1-distill-llama-70b,DeepSeek-R1 Distill Llama 70B,rtx-4060-ti-16,RTX 4060 Ti 16 GB,Q6_K,8192,63.39,no,0,
deepseek-r1-distill-llama-70b,DeepSeek-R1 Distill Llama 70B,rtx-4060-ti-16,RTX 4060 Ti 16 GB,Q5_K_M,8192,55.32,no,0,
deepseek-r1-distill-llama-70b,DeepSeek-R1 Distill Llama 70B,rtx-4060-ti-16,RTX 4060 Ti 16 GB,Q4_K_M,8192,45.77,no,0,
deepseek-r1-distill-llama-70b,DeepSeek-R1 Distill Llama 70B,rtx-4060-ti-16,RTX 4060 Ti 16 GB,Q3_K_M,8192,37.69,no,0,
deepseek-r1-distill-llama-70b,DeepSeek-R1 Distill Llama 70B,rtx-4070,RTX 4070 12 GB,FP16,8192,150.03,no,0,
deepseek-r1-distill-llama-70b,DeepSeek-R1 Distill Llama 70B,rtx-4070,RTX 4070 12 GB,Q8_0,8192,81.01,no,0,
deepseek-r1-distill-llama-70b,DeepSeek-R1 Distill Llama 70B,rtx-4070,RTX 4070 12 GB,Q6_K,8192,63.39,no,0,
deepseek-r1-distill-llama-70b,DeepSeek-R1 Distill Llama 70B,rtx-4070,RTX 4070 12 GB,Q5_K_M,8192,55.32,no,0,
deepseek-r1-distill-llama-70b,DeepSeek-R1 Distill Llama 70B,rtx-4070,RTX 4070 12 GB,Q4_K_M,8192,45.77,no,0,
deepseek-r1-distill-llama-70b,DeepSeek-R1 Distill Llama 70B,rtx-4070,RTX 4070 12 GB,Q3_K_M,8192,37.69,no,0,
deepseek-r1-distill-llama-70b,DeepSeek-R1 Distill Llama 70B,rtx-3090,RTX 3090 24 GB,FP16,8192,150.03,no,0,
deepseek-r1-distill-llama-70b,DeepSeek-R1 Distill Llama 70B,rtx-3090,RTX 3090 24 GB,Q8_0,8192,81.01,no,0,
deepseek-r1-distill-llama-70b,DeepSeek-R1 Distill Llama 70B,rtx-3090,RTX 3090 24 GB,Q6_K,8192,63.39,no,0,
deepseek-r1-distill-llama-70b,DeepSeek-R1 Distill Llama 70B,rtx-3090,RTX 3090 24 GB,Q5_K_M,8192,55.32,no,0,
deepseek-r1-distill-llama-70b,DeepSeek-R1 Distill Llama 70B,rtx-3090,RTX 3090 24 GB,Q4_K_M,8192,45.77,no,0,
deepseek-r1-distill-llama-70b,DeepSeek-R1 Distill Llama 70B,rtx-3090,RTX 3090 24 GB,Q3_K_M,8192,37.69,no,0,
deepseek-r1-distill-llama-70b,DeepSeek-R1 Distill Llama 70B,rtx-4090,RTX 4090 24 GB,FP16,8192,150.03,no,0,
deepseek-r1-distill-llama-70b,DeepSeek-R1 Distill Llama 70B,rtx-4090,RTX 4090 24 GB,Q8_0,8192,81.01,no,0,
deepseek-r1-distill-llama-70b,DeepSeek-R1 Distill Llama 70B,rtx-4090,RTX 4090 24 GB,Q6_K,8192,63.39,no,0,
deepseek-r1-distill-llama-70b,DeepSeek-R1 Distill Llama 70B,rtx-4090,RTX 4090 24 GB,Q5_K_M,8192,55.32,no,0,
deepseek-r1-distill-llama-70b,DeepSeek-R1 Distill Llama 70B,rtx-4090,RTX 4090 24 GB,Q4_K_M,8192,45.77,no,0,
deepseek-r1-distill-llama-70b,DeepSeek-R1 Distill Llama 70B,rtx-4090,RTX 4090 24 GB,Q3_K_M,8192,37.69,no,0,
deepseek-r1-distill-llama-70b,DeepSeek-R1 Distill Llama 70B,rtx-5090,RTX 5090 32 GB,FP16,8192,150.03,no,0,
deepseek-r1-distill-llama-70b,DeepSeek-R1 Distill Llama 70B,rtx-5090,RTX 5090 32 GB,Q8_0,8192,81.01,no,0,
deepseek-r1-distill-llama-70b,DeepSeek-R1 Distill Llama 70B,rtx-5090,RTX 5090 32 GB,Q6_K,8192,63.39,no,0,
deepseek-r1-distill-llama-70b,DeepSeek-R1 Distill Llama 70B,rtx-5090,RTX 5090 32 GB,Q5_K_M,8192,55.32,no,0,
deepseek-r1-distill-llama-70b,DeepSeek-R1 Distill Llama 70B,rtx-5090,RTX 5090 32 GB,Q4_K_M,8192,45.77,no,0,
deepseek-r1-distill-llama-70b,DeepSeek-R1 Distill Llama 70B,rtx-5090,RTX 5090 32 GB,Q3_K_M,8192,37.69,no,0,
deepseek-r1-distill-llama-70b,DeepSeek-R1 Distill Llama 70B,rtx-6000-ada,RTX 6000 Ada 48 GB,FP16,8192,150.03,no,0,
deepseek-r1-distill-llama-70b,DeepSeek-R1 Distill Llama 70B,rtx-6000-ada,RTX 6000 Ada 48 GB,Q8_0,8192,81.01,no,0,
deepseek-r1-distill-llama-70b,DeepSeek-R1 Distill Llama 70B,rtx-6000-ada,RTX 6000 Ada 48 GB,Q6_K,8192,63.39,no,0,
deepseek-r1-distill-llama-70b,DeepSeek-R1 Distill Llama 70B,rtx-6000-ada,RTX 6000 Ada 48 GB,Q5_K_M,8192,55.32,no,0,
deepseek-r1-distill-llama-70b,DeepSeek-R1 Distill Llama 70B,rtx-6000-ada,RTX 6000 Ada 48 GB,Q4_K_M,8192,45.77,no,7168,16
deepseek-r1-distill-llama-70b,DeepSeek-R1 Distill Llama 70B,rtx-6000-ada,RTX 6000 Ada 48 GB,Q3_K_M,8192,37.69,fits,31744,20
deepseek-r1-distill-llama-70b,DeepSeek-R1 Distill Llama 70B,l40s,L40S 48 GB,FP16,8192,150.03,no,0,
deepseek-r1-distill-llama-70b,DeepSeek-R1 Distill Llama 70B,l40s,L40S 48 GB,Q8_0,8192,81.01,no,0,
deepseek-r1-distill-llama-70b,DeepSeek-R1 Distill Llama 70B,l40s,L40S 48 GB,Q6_K,8192,63.39,no,0,
deepseek-r1-distill-llama-70b,DeepSeek-R1 Distill Llama 70B,l40s,L40S 48 GB,Q5_K_M,8192,55.32,no,0,
deepseek-r1-distill-llama-70b,DeepSeek-R1 Distill Llama 70B,l40s,L40S 48 GB,Q4_K_M,8192,45.77,no,7168,15
deepseek-r1-distill-llama-70b,DeepSeek-R1 Distill Llama 70B,l40s,L40S 48 GB,Q3_K_M,8192,37.69,fits,31744,18
deepseek-r1-distill-llama-70b,DeepSeek-R1 Distill Llama 70B,rtx-pro-6000,RTX PRO 6000 Blackwell 96 GB,FP16,8192,150.03,no,0,
deepseek-r1-distill-llama-70b,DeepSeek-R1 Distill Llama 70B,rtx-pro-6000,RTX PRO 6000 Blackwell 96 GB,Q8_0,8192,81.01,fits,38912,17
deepseek-r1-distill-llama-70b,DeepSeek-R1 Distill Llama 70B,rtx-pro-6000,RTX PRO 6000 Blackwell 96 GB,Q6_K,8192,63.39,fits,92160,22
deepseek-r1-distill-llama-70b,DeepSeek-R1 Distill Llama 70B,rtx-pro-6000,RTX PRO 6000 Blackwell 96 GB,Q5_K_M,8192,55.32,fits,116736,25
deepseek-r1-distill-llama-70b,DeepSeek-R1 Distill Llama 70B,rtx-pro-6000,RTX PRO 6000 Blackwell 96 GB,Q4_K_M,8192,45.77,fits,131072,31
deepseek-r1-distill-llama-70b,DeepSeek-R1 Distill Llama 70B,rtx-pro-6000,RTX PRO 6000 Blackwell 96 GB,Q3_K_M,8192,37.69,fits,131072,38
deepseek-r1-distill-llama-70b,DeepSeek-R1 Distill Llama 70B,a100-80,A100 80 GB,FP16,8192,150.03,no,0,
deepseek-r1-distill-llama-70b,DeepSeek-R1 Distill Llama 70B,a100-80,A100 80 GB,Q8_0,8192,81.01,no,0,
deepseek-r1-distill-llama-70b,DeepSeek-R1 Distill Llama 70B,a100-80,A100 80 GB,Q6_K,8192,63.39,fits,46080,25
deepseek-r1-distill-llama-70b,DeepSeek-R1 Distill Llama 70B,a100-80,A100 80 GB,Q5_K_M,8192,55.32,fits,70656,28
deepseek-r1-distill-llama-70b,DeepSeek-R1 Distill Llama 70B,a100-80,A100 80 GB,Q4_K_M,8192,45.77,fits,100352,35
deepseek-r1-distill-llama-70b,DeepSeek-R1 Distill Llama 70B,a100-80,A100 80 GB,Q3_K_M,8192,37.69,fits,124928,43
deepseek-r1-distill-llama-70b,DeepSeek-R1 Distill Llama 70B,h100-sxm,H100 SXM 80 GB,FP16,8192,150.03,no,0,
deepseek-r1-distill-llama-70b,DeepSeek-R1 Distill Llama 70B,h100-sxm,H100 SXM 80 GB,Q8_0,8192,81.01,no,0,
deepseek-r1-distill-llama-70b,DeepSeek-R1 Distill Llama 70B,h100-sxm,H100 SXM 80 GB,Q6_K,8192,63.39,fits,46080,41
deepseek-r1-distill-llama-70b,DeepSeek-R1 Distill Llama 70B,h100-sxm,H100 SXM 80 GB,Q5_K_M,8192,55.32,fits,70656,47
deepseek-r1-distill-llama-70b,DeepSeek-R1 Distill Llama 70B,h100-sxm,H100 SXM 80 GB,Q4_K_M,8192,45.77,fits,100352,57
deepseek-r1-distill-llama-70b,DeepSeek-R1 Distill Llama 70B,h100-sxm,H100 SXM 80 GB,Q3_K_M,8192,37.69,fits,124928,71
deepseek-r1-distill-llama-70b,DeepSeek-R1 Distill Llama 70B,m2-ultra,Mac Studio M2 Ultra (unified),FP16,8192,150.03,no,0,
deepseek-r1-distill-llama-70b,DeepSeek-R1 Distill Llama 70B,m2-ultra,Mac Studio M2 Ultra (unified),Q8_0,8192,81.01,fits,131072,7
deepseek-r1-distill-llama-70b,DeepSeek-R1 Distill Llama 70B,m2-ultra,Mac Studio M2 Ultra (unified),Q6_K,8192,63.39,fits,131072,10
deepseek-r1-distill-llama-70b,DeepSeek-R1 Distill Llama 70B,m2-ultra,Mac Studio M2 Ultra (unified),Q5_K_M,8192,55.32,fits,131072,11
deepseek-r1-distill-llama-70b,DeepSeek-R1 Distill Llama 70B,m2-ultra,Mac Studio M2 Ultra (unified),Q4_K_M,8192,45.77,fits,131072,14
deepseek-r1-distill-llama-70b,DeepSeek-R1 Distill Llama 70B,m2-ultra,Mac Studio M2 Ultra (unified),Q3_K_M,8192,37.69,fits,131072,17
deepseek-r1-distill-llama-70b,DeepSeek-R1 Distill Llama 70B,m4-max,MacBook Pro M4 Max (unified),FP16,8192,150.03,no,0,
deepseek-r1-distill-llama-70b,DeepSeek-R1 Distill Llama 70B,m4-max,MacBook Pro M4 Max (unified),Q8_0,8192,81.01,fits,38912,5
deepseek-r1-distill-llama-70b,DeepSeek-R1 Distill Llama 70B,m4-max,MacBook Pro M4 Max (unified),Q6_K,8192,63.39,fits,92160,7
deepseek-r1-distill-llama-70b,DeepSeek-R1 Distill Llama 70B,m4-max,MacBook Pro M4 Max (unified),Q5_K_M,8192,55.32,fits,116736,8
deepseek-r1-distill-llama-70b,DeepSeek-R1 Distill Llama 70B,m4-max,MacBook Pro M4 Max (unified),Q4_K_M,8192,45.77,fits,131072,9
deepseek-r1-distill-llama-70b,DeepSeek-R1 Distill Llama 70B,m4-max,MacBook Pro M4 Max (unified),Q3_K_M,8192,37.69,fits,131072,12
qwen3-coder-next,Qwen3-Coder-Next 80B-A3B (MoE),rtx-3060-12,RTX 3060 12 GB,FP16,8192,166.56,no,0,
qwen3-coder-next,Qwen3-Coder-Next 80B-A3B (MoE),rtx-3060-12,RTX 3060 12 GB,Q8_0,8192,88.64,no,0,
qwen3-coder-next,Qwen3-Coder-Next 80B-A3B (MoE),rtx-3060-12,RTX 3060 12 GB,Q6_K,8192,68.75,no,0,
qwen3-coder-next,Qwen3-Coder-Next 80B-A3B (MoE),rtx-3060-12,RTX 3060 12 GB,Q5_K_M,8192,59.63,no,0,
qwen3-coder-next,Qwen3-Coder-Next 80B-A3B (MoE),rtx-3060-12,RTX 3060 12 GB,Q4_K_M,8192,48.86,no,0,
qwen3-coder-next,Qwen3-Coder-Next 80B-A3B (MoE),rtx-3060-12,RTX 3060 12 GB,Q3_K_M,8192,39.74,no,0,
qwen3-coder-next,Qwen3-Coder-Next 80B-A3B (MoE),rtx-4060-ti-16,RTX 4060 Ti 16 GB,FP16,8192,166.56,no,0,
qwen3-coder-next,Qwen3-Coder-Next 80B-A3B (MoE),rtx-4060-ti-16,RTX 4060 Ti 16 GB,Q8_0,8192,88.64,no,0,
qwen3-coder-next,Qwen3-Coder-Next 80B-A3B (MoE),rtx-4060-ti-16,RTX 4060 Ti 16 GB,Q6_K,8192,68.75,no,0,
qwen3-coder-next,Qwen3-Coder-Next 80B-A3B (MoE),rtx-4060-ti-16,RTX 4060 Ti 16 GB,Q5_K_M,8192,59.63,no,0,
qwen3-coder-next,Qwen3-Coder-Next 80B-A3B (MoE),rtx-4060-ti-16,RTX 4060 Ti 16 GB,Q4_K_M,8192,48.86,no,0,
qwen3-coder-next,Qwen3-Coder-Next 80B-A3B (MoE),rtx-4060-ti-16,RTX 4060 Ti 16 GB,Q3_K_M,8192,39.74,no,0,
qwen3-coder-next,Qwen3-Coder-Next 80B-A3B (MoE),rtx-4070,RTX 4070 12 GB,FP16,8192,166.56,no,0,
qwen3-coder-next,Qwen3-Coder-Next 80B-A3B (MoE),rtx-4070,RTX 4070 12 GB,Q8_0,8192,88.64,no,0,
qwen3-coder-next,Qwen3-Coder-Next 80B-A3B (MoE),rtx-4070,RTX 4070 12 GB,Q6_K,8192,68.75,no,0,
qwen3-coder-next,Qwen3-Coder-Next 80B-A3B (MoE),rtx-4070,RTX 4070 12 GB,Q5_K_M,8192,59.63,no,0,
qwen3-coder-next,Qwen3-Coder-Next 80B-A3B (MoE),rtx-4070,RTX 4070 12 GB,Q4_K_M,8192,48.86,no,0,
qwen3-coder-next,Qwen3-Coder-Next 80B-A3B (MoE),rtx-4070,RTX 4070 12 GB,Q3_K_M,8192,39.74,no,0,
qwen3-coder-next,Qwen3-Coder-Next 80B-A3B (MoE),rtx-3090,RTX 3090 24 GB,FP16,8192,166.56,no,0,
qwen3-coder-next,Qwen3-Coder-Next 80B-A3B (MoE),rtx-3090,RTX 3090 24 GB,Q8_0,8192,88.64,no,0,
qwen3-coder-next,Qwen3-Coder-Next 80B-A3B (MoE),rtx-3090,RTX 3090 24 GB,Q6_K,8192,68.75,no,0,
qwen3-coder-next,Qwen3-Coder-Next 80B-A3B (MoE),rtx-3090,RTX 3090 24 GB,Q5_K_M,8192,59.63,no,0,
qwen3-coder-next,Qwen3-Coder-Next 80B-A3B (MoE),rtx-3090,RTX 3090 24 GB,Q4_K_M,8192,48.86,no,0,
qwen3-coder-next,Qwen3-Coder-Next 80B-A3B (MoE),rtx-3090,RTX 3090 24 GB,Q3_K_M,8192,39.74,no,0,
qwen3-coder-next,Qwen3-Coder-Next 80B-A3B (MoE),rtx-4090,RTX 4090 24 GB,FP16,8192,166.56,no,0,
qwen3-coder-next,Qwen3-Coder-Next 80B-A3B (MoE),rtx-4090,RTX 4090 24 GB,Q8_0,8192,88.64,no,0,
qwen3-coder-next,Qwen3-Coder-Next 80B-A3B (MoE),rtx-4090,RTX 4090 24 GB,Q6_K,8192,68.75,no,0,
qwen3-coder-next,Qwen3-Coder-Next 80B-A3B (MoE),rtx-4090,RTX 4090 24 GB,Q5_K_M,8192,59.63,no,0,
qwen3-coder-next,Qwen3-Coder-Next 80B-A3B (MoE),rtx-4090,RTX 4090 24 GB,Q4_K_M,8192,48.86,no,0,
qwen3-coder-next,Qwen3-Coder-Next 80B-A3B (MoE),rtx-4090,RTX 4090 24 GB,Q3_K_M,8192,39.74,no,0,
qwen3-coder-next,Qwen3-Coder-Next 80B-A3B (MoE),rtx-5090,RTX 5090 32 GB,FP16,8192,166.56,no,0,
qwen3-coder-next,Qwen3-Coder-Next 80B-A3B (MoE),rtx-5090,RTX 5090 32 GB,Q8_0,8192,88.64,no,0,
qwen3-coder-next,Qwen3-Coder-Next 80B-A3B (MoE),rtx-5090,RTX 5090 32 GB,Q6_K,8192,68.75,no,0,
qwen3-coder-next,Qwen3-Coder-Next 80B-A3B (MoE),rtx-5090,RTX 5090 32 GB,Q5_K_M,8192,59.63,no,0,
qwen3-coder-next,Qwen3-Coder-Next 80B-A3B (MoE),rtx-5090,RTX 5090 32 GB,Q4_K_M,8192,48.86,no,0,
qwen3-coder-next,Qwen3-Coder-Next 80B-A3B (MoE),rtx-5090,RTX 5090 32 GB,Q3_K_M,8192,39.74,no,0,
qwen3-coder-next,Qwen3-Coder-Next 80B-A3B (MoE),rtx-6000-ada,RTX 6000 Ada 48 GB,FP16,8192,166.56,no,0,
qwen3-coder-next,Qwen3-Coder-Next 80B-A3B (MoE),rtx-6000-ada,RTX 6000 Ada 48 GB,Q8_0,8192,88.64,no,0,
qwen3-coder-next,Qwen3-Coder-Next 80B-A3B (MoE),rtx-6000-ada,RTX 6000 Ada 48 GB,Q6_K,8192,68.75,no,0,
qwen3-coder-next,Qwen3-Coder-Next 80B-A3B (MoE),rtx-6000-ada,RTX 6000 Ada 48 GB,Q5_K_M,8192,59.63,no,0,
qwen3-coder-next,Qwen3-Coder-Next 80B-A3B (MoE),rtx-6000-ada,RTX 6000 Ada 48 GB,Q4_K_M,8192,48.86,no,0,
qwen3-coder-next,Qwen3-Coder-Next 80B-A3B (MoE),rtx-6000-ada,RTX 6000 Ada 48 GB,Q3_K_M,8192,39.74,fits,131072,477
qwen3-coder-next,Qwen3-Coder-Next 80B-A3B (MoE),l40s,L40S 48 GB,FP16,8192,166.56,no,0,
qwen3-coder-next,Qwen3-Coder-Next 80B-A3B (MoE),l40s,L40S 48 GB,Q8_0,8192,88.64,no,0,
qwen3-coder-next,Qwen3-Coder-Next 80B-A3B (MoE),l40s,L40S 48 GB,Q6_K,8192,68.75,no,0,
qwen3-coder-next,Qwen3-Coder-Next 80B-A3B (MoE),l40s,L40S 48 GB,Q5_K_M,8192,59.63,no,0,
qwen3-coder-next,Qwen3-Coder-Next 80B-A3B (MoE),l40s,L40S 48 GB,Q4_K_M,8192,48.86,no,0,
qwen3-coder-next,Qwen3-Coder-Next 80B-A3B (MoE),l40s,L40S 48 GB,Q3_K_M,8192,39.74,fits,131072,429
qwen3-coder-next,Qwen3-Coder-Next 80B-A3B (MoE),rtx-pro-6000,RTX PRO 6000 Blackwell 96 GB,FP16,8192,166.56,no,0,
qwen3-coder-next,Qwen3-Coder-Next 80B-A3B (MoE),rtx-pro-6000,RTX PRO 6000 Blackwell 96 GB,Q8_0,8192,88.64,tight,111616,394
qwen3-coder-next,Qwen3-Coder-Next 80B-A3B (MoE),rtx-pro-6000,RTX PRO 6000 Blackwell 96 GB,Q6_K,8192,68.75,fits,131072,510
qwen3-coder-next,Qwen3-Coder-Next 80B-A3B (MoE),rtx-pro-6000,RTX PRO 6000 Blackwell 96 GB,Q5_K_M,8192,59.63,fits,131072,589
qwen3-coder-next,Qwen3-Coder-Next 80B-A3B (MoE),rtx-pro-6000,RTX PRO 6000 Blackwell 96 GB,Q4_K_M,8192,48.86,fits,131072,721
qwen3-coder-next,Qwen3-Coder-Next 80B-A3B (MoE),rtx-pro-6000,RTX PRO 6000 Blackwell 96 GB,Q3_K_M,8192,39.74,fits,131072,890
qwen3-coder-next,Qwen3-Coder-Next 80B-A3B (MoE),a100-80,A100 80 GB,FP16,8192,166.56,no,0,
qwen3-coder-next,Qwen3-Coder-Next 80B-A3B (MoE),a100-80,A100 80 GB,Q8_0,8192,88.64,no,0,
qwen3-coder-next,Qwen3-Coder-Next 80B-A3B (MoE),a100-80,A100 80 GB,Q6_K,8192,68.75,tight,131072,580
qwen3-coder-next,Qwen3-Coder-Next 80B-A3B (MoE),a100-80,A100 80 GB,Q5_K_M,8192,59.63,fits,131072,670
qwen3-coder-next,Qwen3-Coder-Next 80B-A3B (MoE),a100-80,A100 80 GB,Q4_K_M,8192,48.86,fits,131072,820
qwen3-coder-next,Qwen3-Coder-Next 80B-A3B (MoE),a100-80,A100 80 GB,Q3_K_M,8192,39.74,fits,131072,1012
qwen3-coder-next,Qwen3-Coder-Next 80B-A3B (MoE),h100-sxm,H100 SXM 80 GB,FP16,8192,166.56,no,0,
qwen3-coder-next,Qwen3-Coder-Next 80B-A3B (MoE),h100-sxm,H100 SXM 80 GB,Q8_0,8192,88.64,no,0,
qwen3-coder-next,Qwen3-Coder-Next 80B-A3B (MoE),h100-sxm,H100 SXM 80 GB,Q6_K,8192,68.75,tight,131072,954
qwen3-coder-next,Qwen3-Coder-Next 80B-A3B (MoE),h100-sxm,H100 SXM 80 GB,Q5_K_M,8192,59.63,fits,131072,1102
qwen3-coder-next,Qwen3-Coder-Next 80B-A3B (MoE),h100-sxm,H100 SXM 80 GB,Q4_K_M,8192,48.86,fits,131072,1349
qwen3-coder-next,Qwen3-Coder-Next 80B-A3B (MoE),h100-sxm,H100 SXM 80 GB,Q3_K_M,8192,39.74,fits,131072,1664
qwen3-coder-next,Qwen3-Coder-Next 80B-A3B (MoE),m2-ultra,Mac Studio M2 Ultra (unified),FP16,8192,166.56,no,0,
qwen3-coder-next,Qwen3-Coder-Next 80B-A3B (MoE),m2-ultra,Mac Studio M2 Ultra (unified),Q8_0,8192,88.64,fits,131072,176
qwen3-coder-next,Qwen3-Coder-Next 80B-A3B (MoE),m2-ultra,Mac Studio M2 Ultra (unified),Q6_K,8192,68.75,fits,131072,228
qwen3-coder-next,Qwen3-Coder-Next 80B-A3B (MoE),m2-ultra,Mac Studio M2 Ultra (unified),Q5_K_M,8192,59.63,fits,131072,263
qwen3-coder-next,Qwen3-Coder-Next 80B-A3B (MoE),m2-ultra,Mac Studio M2 Ultra (unified),Q4_K_M,8192,48.86,fits,131072,322
qwen3-coder-next,Qwen3-Coder-Next 80B-A3B (MoE),m2-ultra,Mac Studio M2 Ultra (unified),Q3_K_M,8192,39.74,fits,131072,397
qwen3-coder-next,Qwen3-Coder-Next 80B-A3B (MoE),m4-max,MacBook Pro M4 Max (unified),FP16,8192,166.56,no,0,
qwen3-coder-next,Qwen3-Coder-Next 80B-A3B (MoE),m4-max,MacBook Pro M4 Max (unified),Q8_0,8192,88.64,tight,111616,120
qwen3-coder-next,Qwen3-Coder-Next 80B-A3B (MoE),m4-max,MacBook Pro M4 Max (unified),Q6_K,8192,68.75,fits,131072,155
qwen3-coder-next,Qwen3-Coder-Next 80B-A3B (MoE),m4-max,MacBook Pro M4 Max (unified),Q5_K_M,8192,59.63,fits,131072,179
qwen3-coder-next,Qwen3-Coder-Next 80B-A3B (MoE),m4-max,MacBook Pro M4 Max (unified),Q4_K_M,8192,48.86,fits,131072,220
qwen3-coder-next,Qwen3-Coder-Next 80B-A3B (MoE),m4-max,MacBook Pro M4 Max (unified),Q3_K_M,8192,39.74,fits,131072,271
gpt-oss-120b,gpt-oss 120B,rtx-3060-12,RTX 3060 12 GB,FP16,8192,244.17,no,0,
gpt-oss-120b,gpt-oss 120B,rtx-3060-12,RTX 3060 12 GB,Q8_0,8192,129.79,no,0,
gpt-oss-120b,gpt-oss 120B,rtx-3060-12,RTX 3060 12 GB,Q6_K,8192,100.58,no,0,
gpt-oss-120b,gpt-oss 120B,rtx-3060-12,RTX 3060 12 GB,Q5_K_M,8192,87.2,no,0,
gpt-oss-120b,gpt-oss 120B,rtx-3060-12,RTX 3060 12 GB,Q4_K_M,8192,71.38,no,0,
gpt-oss-120b,gpt-oss 120B,rtx-3060-12,RTX 3060 12 GB,Q3_K_M,8192,58,no,0,
gpt-oss-120b,gpt-oss 120B,rtx-4060-ti-16,RTX 4060 Ti 16 GB,FP16,8192,244.17,no,0,
gpt-oss-120b,gpt-oss 120B,rtx-4060-ti-16,RTX 4060 Ti 16 GB,Q8_0,8192,129.79,no,0,
gpt-oss-120b,gpt-oss 120B,rtx-4060-ti-16,RTX 4060 Ti 16 GB,Q6_K,8192,100.58,no,0,
gpt-oss-120b,gpt-oss 120B,rtx-4060-ti-16,RTX 4060 Ti 16 GB,Q5_K_M,8192,87.2,no,0,
gpt-oss-120b,gpt-oss 120B,rtx-4060-ti-16,RTX 4060 Ti 16 GB,Q4_K_M,8192,71.38,no,0,
gpt-oss-120b,gpt-oss 120B,rtx-4060-ti-16,RTX 4060 Ti 16 GB,Q3_K_M,8192,58,no,0,
gpt-oss-120b,gpt-oss 120B,rtx-4070,RTX 4070 12 GB,FP16,8192,244.17,no,0,
gpt-oss-120b,gpt-oss 120B,rtx-4070,RTX 4070 12 GB,Q8_0,8192,129.79,no,0,
gpt-oss-120b,gpt-oss 120B,rtx-4070,RTX 4070 12 GB,Q6_K,8192,100.58,no,0,
gpt-oss-120b,gpt-oss 120B,rtx-4070,RTX 4070 12 GB,Q5_K_M,8192,87.2,no,0,
gpt-oss-120b,gpt-oss 120B,rtx-4070,RTX 4070 12 GB,Q4_K_M,8192,71.38,no,0,
gpt-oss-120b,gpt-oss 120B,rtx-4070,RTX 4070 12 GB,Q3_K_M,8192,58,no,0,
gpt-oss-120b,gpt-oss 120B,rtx-3090,RTX 3090 24 GB,FP16,8192,244.17,no,0,
gpt-oss-120b,gpt-oss 120B,rtx-3090,RTX 3090 24 GB,Q8_0,8192,129.79,no,0,
gpt-oss-120b,gpt-oss 120B,rtx-3090,RTX 3090 24 GB,Q6_K,8192,100.58,no,0,
gpt-oss-120b,gpt-oss 120B,rtx-3090,RTX 3090 24 GB,Q5_K_M,8192,87.2,no,0,
gpt-oss-120b,gpt-oss 120B,rtx-3090,RTX 3090 24 GB,Q4_K_M,8192,71.38,no,0,
gpt-oss-120b,gpt-oss 120B,rtx-3090,RTX 3090 24 GB,Q3_K_M,8192,58,no,0,
gpt-oss-120b,gpt-oss 120B,rtx-4090,RTX 4090 24 GB,FP16,8192,244.17,no,0,
gpt-oss-120b,gpt-oss 120B,rtx-4090,RTX 4090 24 GB,Q8_0,8192,129.79,no,0,
gpt-oss-120b,gpt-oss 120B,rtx-4090,RTX 4090 24 GB,Q6_K,8192,100.58,no,0,
gpt-oss-120b,gpt-oss 120B,rtx-4090,RTX 4090 24 GB,Q5_K_M,8192,87.2,no,0,
gpt-oss-120b,gpt-oss 120B,rtx-4090,RTX 4090 24 GB,Q4_K_M,8192,71.38,no,0,
gpt-oss-120b,gpt-oss 120B,rtx-4090,RTX 4090 24 GB,Q3_K_M,8192,58,no,0,
gpt-oss-120b,gpt-oss 120B,rtx-5090,RTX 5090 32 GB,FP16,8192,244.17,no,0,
gpt-oss-120b,gpt-oss 120B,rtx-5090,RTX 5090 32 GB,Q8_0,8192,129.79,no,0,
gpt-oss-120b,gpt-oss 120B,rtx-5090,RTX 5090 32 GB,Q6_K,8192,100.58,no,0,
gpt-oss-120b,gpt-oss 120B,rtx-5090,RTX 5090 32 GB,Q5_K_M,8192,87.2,no,0,
gpt-oss-120b,gpt-oss 120B,rtx-5090,RTX 5090 32 GB,Q4_K_M,8192,71.38,no,0,
gpt-oss-120b,gpt-oss 120B,rtx-5090,RTX 5090 32 GB,Q3_K_M,8192,58,no,0,
gpt-oss-120b,gpt-oss 120B,rtx-6000-ada,RTX 6000 Ada 48 GB,FP16,8192,244.17,no,0,
gpt-oss-120b,gpt-oss 120B,rtx-6000-ada,RTX 6000 Ada 48 GB,Q8_0,8192,129.79,no,0,
gpt-oss-120b,gpt-oss 120B,rtx-6000-ada,RTX 6000 Ada 48 GB,Q6_K,8192,100.58,no,0,
gpt-oss-120b,gpt-oss 120B,rtx-6000-ada,RTX 6000 Ada 48 GB,Q5_K_M,8192,87.2,no,0,
gpt-oss-120b,gpt-oss 120B,rtx-6000-ada,RTX 6000 Ada 48 GB,Q4_K_M,8192,71.38,no,0,
gpt-oss-120b,gpt-oss 120B,rtx-6000-ada,RTX 6000 Ada 48 GB,Q3_K_M,8192,58,no,0,
gpt-oss-120b,gpt-oss 120B,l40s,L40S 48 GB,FP16,8192,244.17,no,0,
gpt-oss-120b,gpt-oss 120B,l40s,L40S 48 GB,Q8_0,8192,129.79,no,0,
gpt-oss-120b,gpt-oss 120B,l40s,L40S 48 GB,Q6_K,8192,100.58,no,0,
gpt-oss-120b,gpt-oss 120B,l40s,L40S 48 GB,Q5_K_M,8192,87.2,no,0,
gpt-oss-120b,gpt-oss 120B,l40s,L40S 48 GB,Q4_K_M,8192,71.38,no,0,
gpt-oss-120b,gpt-oss 120B,l40s,L40S 48 GB,Q3_K_M,8192,58,no,0,
gpt-oss-120b,gpt-oss 120B,rtx-pro-6000,RTX PRO 6000 Blackwell 96 GB,FP16,8192,244.17,no,0,
gpt-oss-120b,gpt-oss 120B,rtx-pro-6000,RTX PRO 6000 Blackwell 96 GB,Q8_0,8192,129.79,no,0,
gpt-oss-120b,gpt-oss 120B,rtx-pro-6000,RTX PRO 6000 Blackwell 96 GB,Q6_K,8192,100.58,no,0,
gpt-oss-120b,gpt-oss 120B,rtx-pro-6000,RTX PRO 6000 Blackwell 96 GB,Q5_K_M,8192,87.2,tight,115712,346
gpt-oss-120b,gpt-oss 120B,rtx-pro-6000,RTX PRO 6000 Blackwell 96 GB,Q4_K_M,8192,71.38,fits,131072,424
gpt-oss-120b,gpt-oss 120B,rtx-pro-6000,RTX PRO 6000 Blackwell 96 GB,Q3_K_M,8192,58,fits,131072,523
gpt-oss-120b,gpt-oss 120B,a100-80,A100 80 GB,FP16,8192,244.17,no,0,
gpt-oss-120b,gpt-oss 120B,a100-80,A100 80 GB,Q8_0,8192,129.79,no,0,
gpt-oss-120b,gpt-oss 120B,a100-80,A100 80 GB,Q6_K,8192,100.58,no,0,
gpt-oss-120b,gpt-oss 120B,a100-80,A100 80 GB,Q5_K_M,8192,87.2,no,0,
gpt-oss-120b,gpt-oss 120B,a100-80,A100 80 GB,Q4_K_M,8192,71.38,tight,131072,483
gpt-oss-120b,gpt-oss 120B,a100-80,A100 80 GB,Q3_K_M,8192,58,fits,131072,595
gpt-oss-120b,gpt-oss 120B,h100-sxm,H100 SXM 80 GB,FP16,8192,244.17,no,0,
gpt-oss-120b,gpt-oss 120B,h100-sxm,H100 SXM 80 GB,Q8_0,8192,129.79,no,0,
gpt-oss-120b,gpt-oss 120B,h100-sxm,H100 SXM 80 GB,Q6_K,8192,100.58,no,0,
gpt-oss-120b,gpt-oss 120B,h100-sxm,H100 SXM 80 GB,Q5_K_M,8192,87.2,no,0,
gpt-oss-120b,gpt-oss 120B,h100-sxm,H100 SXM 80 GB,Q4_K_M,8192,71.38,tight,131072,793
gpt-oss-120b,gpt-oss 120B,h100-sxm,H100 SXM 80 GB,Q3_K_M,8192,58,fits,131072,979
gpt-oss-120b,gpt-oss 120B,m2-ultra,Mac Studio M2 Ultra (unified),FP16,8192,244.17,no,0,
gpt-oss-120b,gpt-oss 120B,m2-ultra,Mac Studio M2 Ultra (unified),Q8_0,8192,129.79,tight,131072,104
gpt-oss-120b,gpt-oss 120B,m2-ultra,Mac Studio M2 Ultra (unified),Q6_K,8192,100.58,fits,131072,134
gpt-oss-120b,gpt-oss 120B,m2-ultra,Mac Studio M2 Ultra (unified),Q5_K_M,8192,87.2,fits,131072,155
gpt-oss-120b,gpt-oss 120B,m2-ultra,Mac Studio M2 Ultra (unified),Q4_K_M,8192,71.38,fits,131072,189
gpt-oss-120b,gpt-oss 120B,m2-ultra,Mac Studio M2 Ultra (unified),Q3_K_M,8192,58,fits,131072,234
gpt-oss-120b,gpt-oss 120B,m4-max,MacBook Pro M4 Max (unified),FP16,8192,244.17,no,0,
gpt-oss-120b,gpt-oss 120B,m4-max,MacBook Pro M4 Max (unified),Q8_0,8192,129.79,no,0,
gpt-oss-120b,gpt-oss 120B,m4-max,MacBook Pro M4 Max (unified),Q6_K,8192,100.58,no,0,
gpt-oss-120b,gpt-oss 120B,m4-max,MacBook Pro M4 Max (unified),Q5_K_M,8192,87.2,tight,115712,106
gpt-oss-120b,gpt-oss 120B,m4-max,MacBook Pro M4 Max (unified),Q4_K_M,8192,71.38,fits,131072,129
gpt-oss-120b,gpt-oss 120B,m4-max,MacBook Pro M4 Max (unified),Q3_K_M,8192,58,fits,131072,159
mistral-small-4-119b,Mistral Small 4 119B (MoE),rtx-3060-12,RTX 3060 12 GB,FP16,8192,248.21,no,0,
mistral-small-4-119b,Mistral Small 4 119B (MoE),rtx-3060-12,RTX 3060 12 GB,Q8_0,8192,131.87,no,0,
mistral-small-4-119b,Mistral Small 4 119B (MoE),rtx-3060-12,RTX 3060 12 GB,Q6_K,8192,102.17,no,0,
mistral-small-4-119b,Mistral Small 4 119B (MoE),rtx-3060-12,RTX 3060 12 GB,Q5_K_M,8192,88.56,no,0,
mistral-small-4-119b,Mistral Small 4 119B (MoE),rtx-3060-12,RTX 3060 12 GB,Q4_K_M,8192,72.47,no,0,
mistral-small-4-119b,Mistral Small 4 119B (MoE),rtx-3060-12,RTX 3060 12 GB,Q3_K_M,8192,58.86,no,0,
mistral-small-4-119b,Mistral Small 4 119B (MoE),rtx-4060-ti-16,RTX 4060 Ti 16 GB,FP16,8192,248.21,no,0,
mistral-small-4-119b,Mistral Small 4 119B (MoE),rtx-4060-ti-16,RTX 4060 Ti 16 GB,Q8_0,8192,131.87,no,0,
mistral-small-4-119b,Mistral Small 4 119B (MoE),rtx-4060-ti-16,RTX 4060 Ti 16 GB,Q6_K,8192,102.17,no,0,
mistral-small-4-119b,Mistral Small 4 119B (MoE),rtx-4060-ti-16,RTX 4060 Ti 16 GB,Q5_K_M,8192,88.56,no,0,
mistral-small-4-119b,Mistral Small 4 119B (MoE),rtx-4060-ti-16,RTX 4060 Ti 16 GB,Q4_K_M,8192,72.47,no,0,
mistral-small-4-119b,Mistral Small 4 119B (MoE),rtx-4060-ti-16,RTX 4060 Ti 16 GB,Q3_K_M,8192,58.86,no,0,
mistral-small-4-119b,Mistral Small 4 119B (MoE),rtx-4070,RTX 4070 12 GB,FP16,8192,248.21,no,0,
mistral-small-4-119b,Mistral Small 4 119B (MoE),rtx-4070,RTX 4070 12 GB,Q8_0,8192,131.87,no,0,
mistral-small-4-119b,Mistral Small 4 119B (MoE),rtx-4070,RTX 4070 12 GB,Q6_K,8192,102.17,no,0,
mistral-small-4-119b,Mistral Small 4 119B (MoE),rtx-4070,RTX 4070 12 GB,Q5_K_M,8192,88.56,no,0,
mistral-small-4-119b,Mistral Small 4 119B (MoE),rtx-4070,RTX 4070 12 GB,Q4_K_M,8192,72.47,no,0,
mistral-small-4-119b,Mistral Small 4 119B (MoE),rtx-4070,RTX 4070 12 GB,Q3_K_M,8192,58.86,no,0,
mistral-small-4-119b,Mistral Small 4 119B (MoE),rtx-3090,RTX 3090 24 GB,FP16,8192,248.21,no,0,
mistral-small-4-119b,Mistral Small 4 119B (MoE),rtx-3090,RTX 3090 24 GB,Q8_0,8192,131.87,no,0,
mistral-small-4-119b,Mistral Small 4 119B (MoE),rtx-3090,RTX 3090 24 GB,Q6_K,8192,102.17,no,0,
mistral-small-4-119b,Mistral Small 4 119B (MoE),rtx-3090,RTX 3090 24 GB,Q5_K_M,8192,88.56,no,0,
mistral-small-4-119b,Mistral Small 4 119B (MoE),rtx-3090,RTX 3090 24 GB,Q4_K_M,8192,72.47,no,0,
mistral-small-4-119b,Mistral Small 4 119B (MoE),rtx-3090,RTX 3090 24 GB,Q3_K_M,8192,58.86,no,0,
mistral-small-4-119b,Mistral Small 4 119B (MoE),rtx-4090,RTX 4090 24 GB,FP16,8192,248.21,no,0,
mistral-small-4-119b,Mistral Small 4 119B (MoE),rtx-4090,RTX 4090 24 GB,Q8_0,8192,131.87,no,0,
mistral-small-4-119b,Mistral Small 4 119B (MoE),rtx-4090,RTX 4090 24 GB,Q6_K,8192,102.17,no,0,
mistral-small-4-119b,Mistral Small 4 119B (MoE),rtx-4090,RTX 4090 24 GB,Q5_K_M,8192,88.56,no,0,
mistral-small-4-119b,Mistral Small 4 119B (MoE),rtx-4090,RTX 4090 24 GB,Q4_K_M,8192,72.47,no,0,
mistral-small-4-119b,Mistral Small 4 119B (MoE),rtx-4090,RTX 4090 24 GB,Q3_K_M,8192,58.86,no,0,
mistral-small-4-119b,Mistral Small 4 119B (MoE),rtx-5090,RTX 5090 32 GB,FP16,8192,248.21,no,0,
mistral-small-4-119b,Mistral Small 4 119B (MoE),rtx-5090,RTX 5090 32 GB,Q8_0,8192,131.87,no,0,
mistral-small-4-119b,Mistral Small 4 119B (MoE),rtx-5090,RTX 5090 32 GB,Q6_K,8192,102.17,no,0,
mistral-small-4-119b,Mistral Small 4 119B (MoE),rtx-5090,RTX 5090 32 GB,Q5_K_M,8192,88.56,no,0,
mistral-small-4-119b,Mistral Small 4 119B (MoE),rtx-5090,RTX 5090 32 GB,Q4_K_M,8192,72.47,no,0,
mistral-small-4-119b,Mistral Small 4 119B (MoE),rtx-5090,RTX 5090 32 GB,Q3_K_M,8192,58.86,no,0,
mistral-small-4-119b,Mistral Small 4 119B (MoE),rtx-6000-ada,RTX 6000 Ada 48 GB,FP16,8192,248.21,no,0,
mistral-small-4-119b,Mistral Small 4 119B (MoE),rtx-6000-ada,RTX 6000 Ada 48 GB,Q8_0,8192,131.87,no,0,
mistral-small-4-119b,Mistral Small 4 119B (MoE),rtx-6000-ada,RTX 6000 Ada 48 GB,Q6_K,8192,102.17,no,0,
mistral-small-4-119b,Mistral Small 4 119B (MoE),rtx-6000-ada,RTX 6000 Ada 48 GB,Q5_K_M,8192,88.56,no,0,
mistral-small-4-119b,Mistral Small 4 119B (MoE),rtx-6000-ada,RTX 6000 Ada 48 GB,Q4_K_M,8192,72.47,no,0,
mistral-small-4-119b,Mistral Small 4 119B (MoE),rtx-6000-ada,RTX 6000 Ada 48 GB,Q3_K_M,8192,58.86,no,0,
mistral-small-4-119b,Mistral Small 4 119B (MoE),l40s,L40S 48 GB,FP16,8192,248.21,no,0,
mistral-small-4-119b,Mistral Small 4 119B (MoE),l40s,L40S 48 GB,Q8_0,8192,131.87,no,0,
mistral-small-4-119b,Mistral Small 4 119B (MoE),l40s,L40S 48 GB,Q6_K,8192,102.17,no,0,
mistral-small-4-119b,Mistral Small 4 119B (MoE),l40s,L40S 48 GB,Q5_K_M,8192,88.56,no,0,
mistral-small-4-119b,Mistral Small 4 119B (MoE),l40s,L40S 48 GB,Q4_K_M,8192,72.47,no,0,
mistral-small-4-119b,Mistral Small 4 119B (MoE),l40s,L40S 48 GB,Q3_K_M,8192,58.86,no,0,
mistral-small-4-119b,Mistral Small 4 119B (MoE),rtx-pro-6000,RTX PRO 6000 Blackwell 96 GB,FP16,8192,248.21,no,0,
mistral-small-4-119b,Mistral Small 4 119B (MoE),rtx-pro-6000,RTX PRO 6000 Blackwell 96 GB,Q8_0,8192,131.87,no,0,
mistral-small-4-119b,Mistral Small 4 119B (MoE),rtx-pro-6000,RTX PRO 6000 Blackwell 96 GB,Q6_K,8192,102.17,no,0,
mistral-small-4-119b,Mistral Small 4 119B (MoE),rtx-pro-6000,RTX PRO 6000 Blackwell 96 GB,Q5_K_M,8192,88.56,tight,121856,272
mistral-small-4-119b,Mistral Small 4 119B (MoE),rtx-pro-6000,RTX PRO 6000 Blackwell 96 GB,Q4_K_M,8192,72.47,fits,131072,333
mistral-small-4-119b,Mistral Small 4 119B (MoE),rtx-pro-6000,RTX PRO 6000 Blackwell 96 GB,Q3_K_M,8192,58.86,fits,131072,411
mistral-small-4-119b,Mistral Small 4 119B (MoE),a100-80,A100 80 GB,FP16,8192,248.21,no,0,
mistral-small-4-119b,Mistral Small 4 119B (MoE),a100-80,A100 80 GB,Q8_0,8192,131.87,no,0,
mistral-small-4-119b,Mistral Small 4 119B (MoE),a100-80,A100 80 GB,Q6_K,8192,102.17,no,0,
mistral-small-4-119b,Mistral Small 4 119B (MoE),a100-80,A100 80 GB,Q5_K_M,8192,88.56,no,0,
mistral-small-4-119b,Mistral Small 4 119B (MoE),a100-80,A100 80 GB,Q4_K_M,8192,72.47,tight,131072,379
mistral-small-4-119b,Mistral Small 4 119B (MoE),a100-80,A100 80 GB,Q3_K_M,8192,58.86,fits,131072,467
mistral-small-4-119b,Mistral Small 4 119B (MoE),h100-sxm,H100 SXM 80 GB,FP16,8192,248.21,no,0,
mistral-small-4-119b,Mistral Small 4 119B (MoE),h100-sxm,H100 SXM 80 GB,Q8_0,8192,131.87,no,0,
mistral-small-4-119b,Mistral Small 4 119B (MoE),h100-sxm,H100 SXM 80 GB,Q6_K,8192,102.17,no,0,
mistral-small-4-119b,Mistral Small 4 119B (MoE),h100-sxm,H100 SXM 80 GB,Q5_K_M,8192,88.56,no,0,
mistral-small-4-119b,Mistral Small 4 119B (MoE),h100-sxm,H100 SXM 80 GB,Q4_K_M,8192,72.47,tight,131072,622
mistral-small-4-119b,Mistral Small 4 119B (MoE),h100-sxm,H100 SXM 80 GB,Q3_K_M,8192,58.86,fits,131072,768
mistral-small-4-119b,Mistral Small 4 119B (MoE),m2-ultra,Mac Studio M2 Ultra (unified),FP16,8192,248.21,no,0,
mistral-small-4-119b,Mistral Small 4 119B (MoE),m2-ultra,Mac Studio M2 Ultra (unified),Q8_0,8192,131.87,tight,131072,81
mistral-small-4-119b,Mistral Small 4 119B (MoE),m2-ultra,Mac Studio M2 Ultra (unified),Q6_K,8192,102.17,fits,131072,105
mistral-small-4-119b,Mistral Small 4 119B (MoE),m2-ultra,Mac Studio M2 Ultra (unified),Q5_K_M,8192,88.56,fits,131072,121
mistral-small-4-119b,Mistral Small 4 119B (MoE),m2-ultra,Mac Studio M2 Ultra (unified),Q4_K_M,8192,72.47,fits,131072,149
mistral-small-4-119b,Mistral Small 4 119B (MoE),m2-ultra,Mac Studio M2 Ultra (unified),Q3_K_M,8192,58.86,fits,131072,183
mistral-small-4-119b,Mistral Small 4 119B (MoE),m4-max,MacBook Pro M4 Max (unified),FP16,8192,248.21,no,0,
mistral-small-4-119b,Mistral Small 4 119B (MoE),m4-max,MacBook Pro M4 Max (unified),Q8_0,8192,131.87,no,0,
mistral-small-4-119b,Mistral Small 4 119B (MoE),m4-max,MacBook Pro M4 Max (unified),Q6_K,8192,102.17,no,0,
mistral-small-4-119b,Mistral Small 4 119B (MoE),m4-max,MacBook Pro M4 Max (unified),Q5_K_M,8192,88.56,tight,121856,83
mistral-small-4-119b,Mistral Small 4 119B (MoE),m4-max,MacBook Pro M4 Max (unified),Q4_K_M,8192,72.47,fits,131072,101
mistral-small-4-119b,Mistral Small 4 119B (MoE),m4-max,MacBook Pro M4 Max (unified),Q3_K_M,8192,58.86,fits,131072,125
